DBMS_uriform,X_DBMS_uriform,Y_DBMS_uriform,match_state,manu_labeled_flag,DBMS_common_name,category_label,Written in,Query Interface,System Architecture,Developer,Country of Origin,initial_release_year,current_release_year,Project Type,License_info,github_repo_link,open_source_license,Score_Feb-2023,Rank_Feb-2023
4store,4store,4store,Normal,Y_auto,4store,RDF,C,SPARQL,,,GB,2009,,Open Source,GPL v3,4store/4store,Y,0.76,242
abhot,abhot,,X_Single,Y_auto,abhot,,Java,,,,CN,2017,,"Academic,Open Source",Apache v2,quqiangsheng/abhot,Y,,
accumulo,accumulo,accumulo,Normal,Y_auto,Accumulo,Wide column,Java,"Custom API,Command-line / Shell",Shared-Disk,US National Security Agency,US,2008,,Open Source,Apache v2,apache/accumulo,Y,5.75,75
acedb,acedb,,X_Single,Y_auto,AceDB,,C,,,"Richard M. Durbin, Jean Thierry-Mieg",GB,1989,2018,"Academic,Open Source","GPL v2,LGPL v2",richarddurbin/acedb,Y,,
actordb,actordb,actordb,Normal,Y_auto,ActorDB,Relational,Erlang,"Custom API,SQL",Shared-Nothing,Biokoda,SI,2014,,"Commercial,Open Source",Mozilla Public License 2.0,biokoda/actordb,Y,0.23,347
aerospike,aerospike,aerospike,Normal,Y_auto,Aerospike,Key-value,C,Custom API,Shared-Nothing,"Aerospike, Inc.",US,2009#dbdbio>|<dbengines#2012,,"Commercial,Open Source",AGPL v3 and AGPL Licenses; open sourced in June 2014; commercial Enterprise Edition available,aerospike/aerospike-server,Y,6.56,65
agatedb,agatedb,,X_Single,Y_auto,AgateDB,Key-value,Rust,Custom API,Embedded,PingCAP,CN,2019,,"Industrial Research,Open Source",Apache v2,tikv/agatedb,Y,,
agensgraph,agensgraph,agensgraph,Normal,Y_auto,AgensGraph,"Relational,Key-value,Document,Graph",C,"SQL,Cypher",Shared-Everything,Bitnine Global Inc.,US,2013#dbdbio>|<dbengines#2016,2018,"Commercial,Open Source",Apache v2,bitnine-oss/agensgraph,Y,0.07,375
akdb,akdb,,X_Single,Y_auto,AKDB,Relational,C,SQL,Shared-Everything,University of Zagreb,HR,2009,,"Academic,Educational,Open Source",,AILab-FOI/akdb,Y,,
akumuli,akumuli,,X_Single,Y_auto,Akumuli,,C++,Custom API,,,RU,2013,,Open Source,Apache v2,akumuli/Akumuli,Y,,
akutan,akutan,,X_Single,Y_auto,Akutan,RDF,Go,Custom API,Shared-Nothing,eBay,US,2019,,"Industrial Research,Open Source",Apache v2,eBay/akutan,Y,,
alasql,alasql,alasql,Normal,Y_auto,AlaSQL,"Relational,Document",JavaScript,SQL,,Andrey Gershun & Mathias R. Wulff,RU,2014,,Open Source,MIT,AlaSQL/alasql,Y,0.71,249
alchemydb,alchemydb,,X_Single,Y_auto,AlchemyDB,Relational,C,SQL,Shared-Everything,Russell Sullivan,US,2010,2012,"Commercial,Open Source",AGPL v3,JakSprats/Alchemy-Database,Y,,
altibase,altibase,altibase,Normal,Y_auto,Altibase,Relational,"C,C++",SQL,Shared-Nothing,Altibase Corp.,KR,1999,,"Commercial,Open Source",AGPL v3; since February 2018,ALTIBASE/altibase,Y,1.53,172
angstromdb,angstromdb,,X_Single,Y_auto,AngstromDB,Key-value,C,,,Amaury Bouchard,FR,2013,2013,"Hobby,Open Source",Apache v2,Amaury/AngstromDB,Y,,
antdb,antdb,antdb,Normal,Y_auto,AntDB,"Object oriented,Relational",C,SQL,,AsiaInfo Technologies Limited,CN,,,"Commercial,Open Source",Apache v2,ADBSQL/AntDB,Y#dbdbio>|<dbengines#N,0.14,368
antidote,antidote,,X_Single,Y_auto,Antidote,Key-value,Erlang,SQL,,SyncFree European Project,FR,2015,,"Academic,Open Source",Apache v2,AntidoteDB/antidote,Y,,
aodbm,aodbm,,X_Single,Y_auto,AODBM,,C,,,Daniel Waterworth,GB,2011,2011,Open Source,LGPL v3,DanielWaterworth/AODBM,Y,,
arakoon,arakoon,,X_Single,Y_auto,Arakoon,Key-value,Ocaml,Custom API,Shared-Nothing,Incubaid,BE,2010,2015,Open Source,Apache v2,Incubaid/arakoon,Y,,
arangodb,arangodb,arangodb,Normal,Y_auto,ArangoDB,"Key-value,Document,Graph",C++,"Custom API,HTTP / REST,Command-line / Shell",Shared-Nothing,ArangoDB Inc.,DE,2011#dbdbio>|<dbengines#2012,2022,"Commercial,Open Source",Apache v2; Commercial license (Enterprise) available,arangodb/arangodb,Y,5.29,79
arcadedb,arcadedb,arcadedb,Normal,Y_auto,ArcadeDB,"Key-value,Document,Graph,Time Series",Java,"SQL,Cypher,HTTP / REST","Shared-Everything,Embedded",Arcade Data Ltd,GB,2021,2021,"Commercial,Open Source",Apache v2.0,ArcadeData/arcadedb,Y,0.41,294
ardb,ardb,,X_Single,Y_auto,Ardb,Key-value,C++,Custom API,,Yinqi Wen,CN,2013,,Open Source,BSD,yinqiwen/ardb,Y,,
aresdb,aresdb,,X_Single,Y_auto,AresDB,Relational,"C,C++,Go",Custom API,Shared-Disk,Uber,US,2018,,Open Source,Apache v2,uber/aresdb,Y,,
asami,asami,,X_Single,Y_auto,Asami,Graph,Clojure,Custom API,Shared-Everything,"Cisco, Paula Gearon",US,2018,,"Hobby,Open Source",Eclipse Public License,quoll/asami,Y,,
assassin,assassin,,X_Single,Y_auto,Assassin,Key-value,JavaScript,Custom API,Shared-Nothing,Ender Minyard,US,2020,,Open Source,MIT,genderev/assassin,Y,,
asterixdb,asterixdb,,X_Single,Y_auto,AsterixDB,Document,Java,Custom API,Shared-Nothing,University of California-Irvine and University of California-Riverside,US,2009,,"Academic,Open Source",Apache v2,apache/asterixdb,Y,,
atlas,atlas,,X_Single,Y_auto,Atlas,,Scala,Custom API,,Netflix,US,2014,,Open Source,,Netflix/atlas,Y,,
aviondb,aviondb,,X_Single,Y_auto,AvionDB,Document,JavaScript,Custom API,Shared-Nothing,DappKit,"US,IN",2020,,"Commercial,Open Source",MIT,dappkit/aviondb,Y,,
bagri,bagri,,X_Single,Y_auto,Bagri,Document,Java,,,,RU,2014,,Open Source,Apache v2,dsukhoroslov/bagri,Y,,
baikaldb,baikaldb,,X_Single,Y_auto,BaikalDB,Relational,C++,SQL,Shared-Nothing,Baidu,CN,2018,,Open Source,Apache v2,baidu/BaikalDB,Y,,
bangdb,bangdb,bangdb,Normal,Y_auto,BangDB,Key-value#dbdbio>|<dbengines#Document,C,,"Shared-Everything,Embedded","IQLECT#dbdbio>|<dbengines#Sachin Sinha, BangDB",IN,2015#dbdbio>|<dbengines#2012,2021,"Commercial,Open Source",BSD 3,sachin-sinha/BangDB,Y,0.34,316
basex,basex,basex,Normal,Y_auto,BaseX,Document#dbdbio>|<dbengines#Native XML,Java,XQuery,,BaseX GmbH,DE,2007,,"Academic,Open Source",BSD,BaseXdb/basex,Y,1.99,144
bayesdb,bayesdb,,X_Single,Y_auto,BayesDB,,Python,,,Massachusetts Institute of Technology,US,2015,,"Academic,Open Source",Apache v2,probcomp/bayeslite,Y,,
bbolt,bbolt,,X_Single,Y_auto,bbolt,Key-value,Go,,,CoreOS,US,2017,,Open Source,MIT,etcd-io/bbolt,Y,,
bboxdb,bboxdb,,X_Single,Y_auto,BBoxDB,Array,Java,"Custom API,Command-line / Shell",Shared-Nothing,Jan Nidzwetzki,DE,2015,,Open Source,Apache v2,jnidzwetzki/bboxdb,Y,,
beagle-sql,beagle-sql,,X_Single,Y_auto,Beagle SQL,Relational,C++,,,"Robert Klein, Jean-Claude Magras",US,1996,1999,Open Source,,jonahharris/osdb-beaglesql,Y,,
bedrock,bedrock,,X_Single,Y_auto,Bedrock,Relational,C++,"SQL,Command-line / Shell","Shared-Disk,Embedded",Expensify,US,2016,,Open Source,LGPL v3,Expensify/Bedrock,Y,,
beringei,beringei,,X_Single,Y_auto,Beringei,Key-value,C++,Custom API,Shared-Nothing,Facebook,US,2015,,Open Source,BSD,facebookarchive/beringei,Y,,
berkeley-db,berkeley-db,oracle-berkeley-db,Fuzzy:Normal,Y,Oracle Berkeley DB,"Key-value,Document",,"Custom API,SQL,PL/SQL",Embedded,Sleepycat Software#dbdbio>|<dbengines#Oracle,US,1994,2020,"Commercial,Open Source","AGPL v3,Apache v2; commercial license available",berkeleydb/libdb,Y,3.24,102
beryldb,beryldb,,X_Single,Y_auto,BerylDB,Key-value,C++,Custom API,,Beryl Labs,CL,2021,,"Hobby,Open Source",BSD,beryldb/beryldb,Y,,
bigchaindb,bigchaindb,bigchaindb,Normal,Y_auto,BigchainDB,"Key-value,Document",Python,HTTP / REST,Shared-Nothing,BigchainDB GmbH,DE,2015#dbdbio>|<dbengines#2016,,"Commercial,Open Source",Apache v2#dbdbio>|<dbengines#AGPL v3,bigchaindb/bigchaindb,Y,0.94,224
binaryrage,binaryrage,,X_Single,Y_auto,BinaryRage,Key-value,C#,Custom API,Embedded,Michael Christensen,DK,2012,,"Hobby,Open Source",,mchidk/BinaryRage,Y,,
bitcask,bitcask,,X_Single,Y_auto,Bitcask,Key-value,Go,Custom API,Embedded,James Mills,AU,2019,,Open Source,MIT,prologic/bitcask,Y,,
bitsy,bitsy,,X_Single,Y_auto,Bitsy,Graph,Java,Gremlin,Embedded,LambdaZen LLC,US,2013,,Open Source,Apache v2,lambdazen/bitsy,Y,,
blazegraph,blazegraph,blazegraph,Normal,Y_auto,Blazegraph,"Graph,RDF",Java,SPARQL,Shared-Nothing,"SYSTAP, LLC.#dbdbio>|<dbengines#Blazegraph",US,2006,,"Commercial,Open Source",GPL v2#dbdbio>|<dbengines#extended commercial license available,blazegraph/database,Y,1.18,198
blazingsql,blazingsql,,X_Single,Y_auto,BlazingSQL,Relational,C++,SQL,Shared-Nothing,BlazingDB,PE,2015,,"Commercial,Open Source","Apache v2,,,Proprietary",blazingdb/pyBlazing,Y,,
blinkdb,blinkdb,,X_Single,Y_auto,BlinkDB,Relational,,SQL,Shared-Disk,"University of California-Berkeley, Massachusetts Institute of Technology",US,2012,,"Academic,Open Source",Apache v2,sameeragarwal/blinkdb,Y,,
blueflood,blueflood,blueflood,Normal,Y_auto,Blueflood,Time Series,Java,,,Rackspace,US,2013,,Open Source,Apache v2.0,rackerlabs/blueflood,Y,0.21,350
bojack,bojack,,X_Single,Y_auto,BoJack,Key-value,Crystal,Command-line / Shell,Shared-Everything,Marcelo Boeira,DE,2016,,Open Source,MIT,marceloboeira/bojack,Y,,
boltdb,boltdb,boltdb,Normal,Y_auto,BoltDB,Key-value,Go,Custom API,Embedded,Ben Johnson,US,2013,,Open Source,MIT,etcd-io/bbolt,Y,0.87,233
bonsaidb,bonsaidb,,X_Single,Y_auto,BonsaiDb,Key-value,Rust,,"Shared-Everything,Embedded",Khonsu Labs,US,2021,,Open Source,"Apache v2,,,MIT",khonsulabs/bonsaidb,Y,,
brightstardb,brightstardb,brightstardb,Normal,Y_auto,BrightstarDB,RDF,C#,,,,GB,2012,,Open Source,MIT,BrightstarDB/BrightstarDB,Y,0.27,331
btdb,btdb,,X_Single,Y_auto,BTDB,"Key-value,Object oriented",C#,Custom API,,Boris Letocha,CZ,2010,,Open Source,MIT,Bobris/BTDB,Y,,
btrdb,btrdb,,X_Single,Y_auto,BTrDB,Relational,Go,,Shared-Disk,"University of California, Berkeley",US,2014,,"Academic,Open Source",GPL v3,BTrDB/btrdb-server,Y,,
bugfruit,bugfruit,,X_Single,Y_auto,bugfruit,Key-value,Go,Custom API,Embedded,Reese Porter,US,2022,,"Hobby,Open Source",BSD,reesporte/bugfruit,Y,,
buntdb,buntdb,,X_Single,Y_auto,BuntDB,Key-value,Go,,Embedded,Josh Baker,US,2016,,Open Source,MIT,tidwall/buntdb,Y,,
bustub,bustub,,X_Single,Y_auto,BusTub,Relational,C++,SQL,,Carnegie Mellon University,US,2019,,"Academic,Educational,Open Source",MIT,cmu-db/bustub,Y,,
calvin,calvin,,X_Single,Y_auto,Calvin,Relational,C++,,,Yale University,US,2012,,"Academic,Open Source",,yaledb/calvin,Y,,
caskdb,caskdb,,X_Single,Y_auto,CaskDB,Key-value,Python,,Embedded,Avinash Sajjanshetty,IN,2022,,"Educational,Open Source",MIT,avinassh/py-caskdb,Y,,
cassandra,cassandra,cassandra,Normal,Y_auto,Cassandra,"Wide column,Key-value",Java,Custom API,Shared-Nothing,Apache Software Foundation,US,2008,2022,Open Source,Apache v2,apache/cassandra,Y,116.22,11
castledb,castledb,,X_Single,Y_auto,CastleDB,Document,Haxe,HTTP / REST,,Nicolas Cannasse,FR,2012,,Open Source,ISC License,ncannasse/castle,Y,,
cayley,cayley,,X_Single,Y_auto,Cayley,RDF,Go,"GraphQL,Gremlin",,Google,US,2014,,Open Source,Apache v2,cayleygraph/cayley,Y,,
ceresdb,ceresdb,,X_Single,Y_auto,CeresDB,Relational,Rust,"SQL,HTTP / REST",,,CN,2021,,Open Source,Apache v2,CeresDB/ceresdb,Y,,
chaozzdb,chaozzdb,,X_Single,Y_auto,chaozzDB,,PHP,SQL,Embedded,Elmar Wenners,NL,2008,,"Hobby,Open Source",Creative Commons License,chaozznl/chaozzDB,Y,,
chronicle-map,chronicle-map,,X_Single,Y_auto,Chronicle Map,Key-value,Java,,,Chronicle Software,GB,2014,,"Commercial,Open Source",LGPL v3,OpenHFT/Chronicle-Map,Y,,
chronix,chronix,,X_Single,Y_auto,Chronix,,Java,Custom API,,QAware,DE,2015,,"Commercial,Open Source",Apache v2,ChronixDB/chronix.server,Y,,
citus,citus,citus,Normal,Y_auto,Citus,Relational,C,SQL,Shared-Nothing,Citus Data,"US,TR",2010,2018,"Commercial,Open Source",AGPL v3; commercial license also available,citusdata/citus,Y,3.12,105
clickhouse,clickhouse,clickhouse,Normal,Y_auto,ClickHouse,Relational,C++,"Custom API,SQL,HTTP / REST,Command-line / Shell",Shared-Nothing,Yandex#dbdbio>|<dbengines#Clickhouse Inc.,RU,2016,2023,"Commercial,Open Source",Apache v2.0,ClickHouse/ClickHouse,Y,13.99,44
cloudkit,cloudkit,cloudkit,Normal,Y_auto,CloudKit,Document,,,,,US,2008#dbdbio>|<dbengines#2016,,Open Source,MIT,jcrosby/cloudkit,Y,3.07,106
cnosdb,cnosdb,,X_Single,Y_auto,CnosDB,Relational,Rust,SQL,Shared-Disk,CnosDB,CN,2021,,"Commercial,Open Source",AGPL v3,cnosdb/cnosdb,Y,,
cockroachdb,cockroachdb,cockroachdb,Normal,Y_auto,CockroachDB,Relational,Go,SQL,Shared-Nothing,Cockroach Labs,US,2014#dbdbio>|<dbengines#2015,2021,"Commercial,Open Source","Business Source License#dbdbio>|<dbengines#Apache 2.0, commercial license available",cockroachdb/cockroach,Y,7.27,57
cogdb,cogdb,,X_Single,Y_auto,CogDB,RDF,Python,Custom API,Embedded,Arun Mahendra,CA,2017,,"Hobby,Open Source",MIT,arun1729/cog,Y,,
column,column,,X_Single,Y_auto,Column,Relational,Go,Custom API,Embedded,Roman Atachiants,AE,2021,,"Hobby,Open Source",MIT,kelindar/column,Y,,
comdb2,comdb2,comdb2,Normal,Y_auto,Comdb2,Relational,C,SQL,,Bloomberg#dbdbio>|<dbengines#Bloomberg Finance L.P.,US,2004,,Open Source,Apache v2.0,bloomberg/comdb2,Y,0.55,270
compass,compass,,X_Single,Y_auto,Compass,"Document,Object oriented",Java,Custom API,Shared-Memory,Shay Banon,GB,2006,,Open Source,Apache v2,kimchy/compass,Y,,
computedb,computedb,tibco-computedb,Fuzzy:Normal,Y,Tibco ComputeDB,Relational,Java,SQL,,Tibco,US,2015,,"Commercial,Open Source",Apache v2.0,TIBCOSoftware/snappydata,Y,0.26,333
concourse,concourse,,X_Single,Y_auto,Concourse,Document,Java,Custom API,,Cinchapi Inc.,US,2012,,"Commercial,Open Source",Apache v2,cinchapi/concourse,Y,,
condensation,condensation,,X_Single,Y_auto,Condensation,Object oriented,Java,Custom API,,,CH,2020,,Open Source,Apache v2,CondensationDB/Condensation-java,Y,,
consus,consus,,X_Single,Y_auto,Consus,Key-value,C++,,,Cornell University,US,2015,,"Academic,Open Source",BSD,rescrv/Consus,Y,,
coreobject,coreobject,,X_Single,Y_auto,CoreObject,Object oriented,Objective-C,Custom API,,Étoilé Project,FR,2007,,"Academic,Open Source",MIT,etoile/CoreObject,Y,,
couchbase,couchbase,couchbase,Normal,Y_auto,Couchbase,"Document,Key-value","C,C++,Erlang,Go",Custom API,Shared-Nothing,"Couchbase, Inc.",US,2010#dbdbio>|<dbengines#2011,2021,"Commercial,Open Source",Apache v2; Commercial licenses also available,couchbase/couchbase-lite-core,Y,24.86,30
couchdb,couchdb,couchdb,Normal,Y_auto,CouchDB,Document,Erlang,HTTP / REST,Shared-Nothing,Damien Katz#dbdbio>|<dbengines#Apache Software Foundation,US,2005,2023,Open Source,Apache v2,apache/couchdb,Y,14.45,42
covenantsql,covenantsql,covenantsql,Normal,Y_auto,CovenantSQL,Relational,Go,SQL,Shared-Nothing,Covenant Labs,CN,2018,,"Commercial,Open Source",Apache v2,CovenantSQL/CovenantSQL,Y,0,389
cozo,cozo,,X_Single,Y_auto,Cozo,Relational,Rust,Datalog,Embedded,Ziyang Hu,GB,2022,,"Hobby,Open Source",Mozilla Public License,cozodb/cozo,Y,,
cqlite,cqlite,,X_Single,Y_auto,CQLite,Graph,Rust,Cypher,Embedded,Tilman Roeder,GB,2021,,"Hobby,Open Source",MIT,dyedgreen/cqlite,Y,,
cratedb,cratedb,cratedb,Normal,Y_auto,CrateDB,Document,Java,"SQL,HTTP / REST,Command-line / Shell",Shared-Nothing,Crate.io,AT,2014#dbdbio>|<dbengines#2013,,"Commercial,Open Source",Apache v2,crate/crate,Y,0.91,227
cubrid,cubrid,cubrid,Normal,Y_auto,Cubrid,Relational,C,"Custom API,SQL,Stored Procedures,Command-line / Shell",Shared-Nothing,"Naver Corporation#dbdbio>|<dbengines#CUBRID Corporation, CUBRID Foundation",KR,2008,2021,Open Source,"BSD,GPL v2#dbdbio>|<dbengines#Apache Version 2.0",CUBRID/cubrid,Y,1.59,168
curiodb,curiodb,,X_Single,Y_auto,CurioDB,,Scala,Custom API,Shared-Nothing,Stephen McDonald,AU,2015,,Open Source,BSD,stephenmcd/curiodb,Y,,
databend,databend,,X_Single,Y_auto,Databend,,Rust,SQL,Shared-Disk,Datafuse Labs,CN,2020,,"Commercial,Open Source",Apache v2,datafuselabs/databend,Y,,
datafusion,datafusion,,X_Single,Y_auto,DataFusion,,Rust,SQL,Shared-Everything,,US,2016,,Open Source,Apache v2,apache/arrow-datafusion,Y,,
datahike,datahike,,X_Single,Y_auto,Datahike,,Clojure,Datalog,Shared-Everything,lambdaforge UG,DE,2018,,Open Source,Eclipse Public License,replikativ/datahike,Y,,
datascript,datascript,,X_Single,Y_auto,DataScript,,Clojure,Datalog,,Nikita Prokopov,RU,2014,,Open Source,Eclipse Public License,tonsky/datascript,Y,,
db4o,db4o,db4o,Normal,Y_auto,db4o,Object oriented,,,Embedded,db4objects Inc.,US,2000#dbdbio>|<dbengines#2001,,"Commercial,Open Source","GPL v2,Proprietary#dbdbio>|<dbengines#commercial license available for existing customers only",iboxdb/db4o-gpl,Y,2.08,139
dbreeze,dbreeze,,X_Single,Y_auto,DBreeze,,C#,Custom API,,Alexey Solovyov,DE,2012,,Open Source,BSD,hhblaze/DBreeze,Y,,
dbx1000,dbx1000,,X_Single,Y_auto,DBx1000,,"Assembly,C++",,Shared-Everything,"Massachusetts Institute of Technology, Carnegie Mellon University",US,2014,,"Academic,Open Source",ISC License,yxymit/DBx1000,Y,,
deepdb,deepdb,,X_Single,Y_auto,DeepDB,,C++,SQL,Shared-Everything,"Deep Information Sciences, Inc.",US,2010,,"Commercial,Open Source","AGPL v3,,,Proprietary",DeepFound/deep_engine,Y,,
degdb,degdb,,X_Single,Y_auto,DegDB,,Go,,,Tristan Rice,CA,2015,,Open Source,MIT,degdb/degdb,Y,,
delta-lake,delta-lake,,X_Single,Y_auto,Delta Lake,,Scala,,Shared-Disk,DataBricks,US,2019,,"Commercial,Open Source",Apache v2,delta-io/delta,Y,,
densodb,densodb,,X_Single,Y_auto,DensoDB,,C#,,,Paolo Possanzini,IT,2012,,Open Source,,teamdev/densodb,Y,,
derby,derby,derby,Normal,Y_auto,Derby,Relational,Java,SQL,Embedded,Cloudscape Inc.#dbdbio>|<dbengines#Apache Software Foundation,US,1997,2022,Open Source,Apache v2,apache/derby,Y,6.14,68
dgraph,dgraph,dgraph,Normal,Y_auto,Dgraph,Graph,Go,GraphQL,Shared-Nothing,"Dgraph Labs, Inc.",US,2015#dbdbio>|<dbengines#2016,,"Commercial,Open Source",Apache v2.0,dgraph-io/dgraph,Y,1.86,153
dolt,dolt,dolt,Normal,Y_auto,Dolt,Relational,Go,"Custom API,SQL,Command-line / Shell","Shared-Everything,Embedded",DoltHub Inc,US,2018,,Open Source,Apache v2.0,dolthub/dolt,Y,1.11,203
doris,doris,apache-doris,Fuzzy:Normal,Y,Apache Doris,Relational,C++,SQL,,"Baidu#dbdbio>|<dbengines#Apache Software Foundation, originally contributed from Baidu",CN,2017,2021,Open Source,Apache v2.0,apache/doris,Y,0.75,245
doxa,doxa,,X_Single,Y_auto,Doxa,Document,Clojure,Custom API,,Rafal Krzywaznia,PL,2021,,"Hobby,Open Source",Public Domain,ribelo/doxa,Y,,
dqlite,dqlite,,X_Single,Y_auto,Dqlite,Relational,C,SQL,,Canonical,,2017,,Open Source,Apache v2,canonical/dqlite,Y,,
dragonfly,dragonfly,,X_Single,Y_auto,Dragonfly,Key-value,C++,,,Attos Technologies Ltd.,IL,2021,,"Commercial,Open Source",Business Source License,dragonflydb/dragonfly,Y,,
dremio,dremio,,X_Single,Y_auto,Dremio,Relational,Java,SQL,,Dremio,US,2015,,"Commercial,Open Source",Apache v2,dremio/dremio-oss,Y,,
drill,drill,apache-drill,Fuzzy:Normal,Y,Apache Drill,Wide column#dbdbio>|<dbengines#Document,Java,"SQL,HTTP / REST",,Apache Software Foundation,US,2012,2023,Open Source,Apache v2,apache/drill,Y,3.19,103
druid,druid,apache-druid,Fuzzy:Normal,Y,Apache Druid,Wide column#dbdbio>|<dbengines#Relational,Java,"Custom API,SQL,HTTP / REST",,Metamarkets#dbdbio>|<dbengines#Apache Software Foundation and contributors,US,2011#dbdbio>|<dbengines#2012,,Open Source,Apache v2,apache/druid,Y,2.49,125
duckdb,duckdb,duckdb,Normal,Y_auto,DuckDB,Relational,C++,,,CWI,NL,2018,,"Academic,Open Source",MIT,duckdb/duckdb,Y,2.01,143
ductiledb,ductiledb,,X_Single,Y_auto,DuctileDB,Graph,Java,Gremlin,,PureSol Technologies,DE,2015,,Open Source,Apache v2,PureSolTechnologies/DuctileDB,Y,,
dynomitedb,dynomitedb,,X_Single,Y_auto,DynomiteDB,,C,,,Netflix,US,2012,,Open Source,Apache v2,Netflix/dynomite,Y,,
earthstar,earthstar,,X_Single,Y_auto,Earthstar,Document,TypeScript,Custom API,,Earthstar Project,US,2020,,"Academic,Open Source",LGPL v3,earthstar-project/earthstar,Y,,
easedb,easedb,,X_Single,Y_auto,EaseDB,Document,Ruby,HTTP / REST,,Alexander Shakhmatov,RU,2013,,Open Source,MIT,X2rdas/easedb,Y,,
echodb,echodb,,X_Single,Y_auto,EchoDB,Key-value,Rust,Custom API,,SurrealDB Ltd.,GB,2021,,Open Source,Apache v2,surrealdb/echodb,Y,,
edgedb,edgedb,,X_Single,Y_auto,EdgeDB,Object oriented,,"Custom API,SQL,GraphQL",,MagicStack,CA,2018,,Open Source,Apache v2,edgedb/edgedb,Y,,
edgelessdb,edgelessdb,edgelessdb,Normal,Y_auto,EdgelessDB,Relational,,SQL,,Edgeless Systems,DE,2021,,"Commercial,Open Source",GPL v2,edgelesssys/edgelessdb,Y,0,389
edis,edis,,X_Single,Y_auto,Edis,Key-value,Erlang,,,Chad DePue,US,2010,,Open Source,,cbd/edis,Y,,
ehcache,ehcache,ehcache,Normal,Y_auto,Ehcache,Key-value,Java,Custom API,,"Terracotta Inc., owned by Software AG",US,2003#dbdbio>|<dbengines#2009,2022,Open Source,Apache v2; commercial licenses available,ehcache/ehcache3,Y,6.04,70
einsteindb,einsteindb,,X_Single,Y_auto,EinsteinDB,Key-value,Rust,,,Whtcorps Inc.,US,2019,,Open Source,,YosiSF/EinsteinDB,Y,,
ejdb,ejdb,ejdb,Normal,Y_auto,EJDB,"Document,Key-value",C,,,Softmotions,RU,2012,,Open Source,GPLv2,Softmotions/ejdb,Y,0.5,280
elara-db,elara-db,,X_Single,Y_auto,Elara DB,Key-value,Python,,,Saurabh Pujari,IN,2021,,"Hobby,Open Source",,saurabh0719/elara,Y,,
elasql,elasql,,X_Single,Y_auto,ElaSQL,Relational,Java,,,National Tsing Hua University,TW,2016,,"Academic,Open Source",,elasql/elasql,Y,,
elasticsearch,elasticsearch,elasticsearch,Normal,Y_auto,Elasticsearch,Document#dbdbio>|<dbengines#Search engine,Java,,,Elasticsearch BV,US,2004#dbdbio>|<dbengines#2010,2020,Open Source,Elastic License,elastic/elasticsearch,Y,138.6,8
elephantdb,elephantdb,,X_Single,Y_auto,ElephantDB,Key-value,Clojure,,,Nathan Marz,US,2011,,Open Source,,nathanmarz/elephantdb,Y,,
elevator,elevator,,X_Single,Y_auto,Elevator,Key-value,,,,Théo Crevon,DE,2012,,Open Source,,oleiade/Elevator,Y,,
eliasdb,eliasdb,,X_Single,Y_auto,EliasDB,Graph,Go,,,Matthias Ladkau,GB,2016,,Open Source,,krotik/eliasdb,Y,,
elliptics,elliptics,elliptics,Normal,Y_auto,Elliptics,Key-value,"C++,Python",,,Reverbrain,RU,2009,,"Commercial,Open Source",,reverbrain/elliptics,Y,0.3,328
embeddinghub,embeddinghub,,X_Single,Y_auto,Embeddinghub,Array,Go,,,Featureform,US,2020,,"Commercial,Open Source",,featureform/embeddinghub,Y,,
engula,engula,,X_Single,Y_auto,Engula,Key-value,Rust,,,Huachao Huang,CN,2022,,"Hobby,Open Source",,engula/engula,Y,,
ennodb,ennodb,,X_Single,Y_auto,EnnoDB,Key-value,C,,,Enno Rehling,NO,2012,,"Hobby,Open Source",,badgerman/ennodb,Y,,
etcd,etcd,etcd,Normal,Y_auto,etcd,Key-value,Go,,,CoreOS,US,2013,2019,Open Source,Apache Version 2.0,etcd-io/etcd,Y,8.51,52
euclidesdb,euclidesdb,,X_Single,Y_auto,EuclidesDB,Array,C++,,,Christian S. Perone,PT,2018,,Open Source,,perone/euclidesdb,Y,,
evcache,evcache,,X_Single,Y_auto,EVCache,Key-value,,,,Netflix,US,2012,,Open Source,,Netflix/EVCache,Y,,
event-store,event-store,,X_Single,Y_auto,Event Store,,"C#,C++,JavaScript",,,Event Store LLP,GB,2012,,"Commercial,Open Source",,EventStore/EventStore,Y,,
eventql,eventql,,X_Single,Y_auto,EventQL,Relational,C++,,,DeepCortex GmbH,"DE,NL",2014,,"Commercial,Open Source",,eventql/eventql,Y,,
exist-db,exist-db,exist-db,Normal,Y_auto,eXist-db,Document#dbdbio>|<dbengines#Native XML,Java,,,eXist Solutions GmbH,DE,2000,,"Commercial,Open Source",L-GPL,eXist-db/exist,Y,1.12,202
extensible-storage-engine,extensible-storage-engine,,X_Single,Y_auto,Extensible Storage Engine,Key-value,C++,,,Microsoft,US,1994,,"Commercial,Open Source",,microsoft/Extensible-Storage-Engine,Y,,
eyros,eyros,,X_Single,Y_auto,eyros,Array,Rust,Custom API,Embedded,bits.coop,US,2018,,Open Source,Parity Public License,peermaps/eyros,Y,,
fallen-8,fallen-8,,X_Single,Y_auto,Fallen-8,Graph,C#,HTTP / REST,,Henning Rauch,DE,2011,,"Hobby,Open Source",MIT,cosh/fallen-8,Y,,
faster,faster,,X_Single,Y_auto,FASTER,Key-value,"C#,C++",Custom API,Embedded,Microsoft,US,2018,,"Commercial,Open Source",MIT,microsoft/FASTER,Y,,
featurebase,featurebase,featurebase,Normal,Y_auto,FeatureBase,Relational,Go,"Custom API,SQL,HTTP / REST,Command-line / Shell",Shared-Nothing,Molecula#dbdbio>|<dbengines#Molecula and Pilosa Open Source Contributors,US,2017,2022,Open Source,Apache v2,featurebasedb/featurebase,Y,0.42,292
ferretdb,ferretdb,,X_Single,Y_auto,FerretDB,Document,Go,Custom API,Shared-Everything,FerretDB Inc.,US,2021,,Open Source,,FerretDB/FerretDB,Y,,
filedb,filedb,,X_Single,Y_auto,FileDB,Key-value,C#,,,Mauricio David,BR,2015,,"Hobby,Open Source",MIT,mbdavid/FileDB,Y,,
filodb,filodb,,X_Single,Y_auto,FiloDB,,Scala,PromQL,,Evan Chan,US,2015,,Open Source,Apache v2,filodb/FiloDB,Y,,
firebird,firebird,firebird,Normal,Y_auto,Firebird,Relational,"C,C++","Custom API,SQL,Stored Procedures,Command-line / Shell",Shared-Everything,Borland#dbdbio>|<dbengines#Firebird Foundation,US,2000,2022,Open Source,Mozilla Public License#dbdbio>|<dbengines#Initial Developer's Public License,FirebirdSQL/firebird,Y,22.6,32
flashdb,flashdb,,X_Single,Y_auto,FlashDB,Key-value,C,Custom API,Embedded,Armink,CN,2020,,"Hobby,Open Source",Apache v2,armink/FlashDB,Y,,
fleetdb,fleetdb,,X_Single,Y_auto,FleetDB,Document,Clojure,Custom API,,Mark McGranaghan,US,2009,,"Academic,Open Source",MIT,mmcgrana/fleetdb,Y,,
flockdb,flockdb,flockdb,Normal,Y_auto,FlockDB,Graph,Scala,,,Twitter,US,2010,2012,Open Source,Apache v2,twitter-archive/flockdb,Y,0.5,282
fluree,fluree,fluree,Normal,Y_auto,Fluree,"Graph,Relational,Document,RDF",Clojure,"Custom API,SQL,GraphQL,SPARQL,HTTP / REST",,"Fluree, PBC",US,2017#dbdbio>|<dbengines#2018,,"Commercial,Open Source",AGPL v3; open-sourced in October 2020,fluree/db,Y,0.39,301
fongo,fongo,,X_Single,Y_auto,Fongo,Document,Java,Custom API,Shared-Everything,Foursquare,US,2012,,Open Source,Apache v2,fakemongo/fongo,Y,,
forestdb,forestdb,,X_Single,Y_auto,ForestDB,Key-value,C++,Custom API,Embedded,"Couchbase, Inc.",US,2013,,Open Source,Apache v2,couchbase/forestdb,Y,,
foundationdb,foundationdb,foundationdb,Normal,Y_auto,FoundationDB,Key-value#dbdbio>|<dbengines#Document,C++,Custom API,Shared-Nothing,FoundationDB,US,2009#dbdbio>|<dbengines#2013,,Open Source,Apache v2.0,apple/foundationdb,Y,1.6,167
frostdb,frostdb,,X_Single,Y_auto,FrostDB,Wide column,Go,Custom API,Embedded,Polar Signals,US,2022,,Open Source,Apache v2,polarsignals/frostdb,Y,,
fueldb,fueldb,,X_Single,Y_auto,FuelDB,Document,Java,,,Joris Basiglio,FR,2014,,Open Source,MIT,unnamed38/fueldb,Y,,
gaffer,gaffer,,X_Single,Y_auto,Gaffer,Graph,Java,,,Government Communications Headquarters,GB,2016,,Open Source,Apache v2,gchq/Gaffer,Y,,
gaia,gaia,,X_Single,Y_auto,Gaia,Object oriented,C++,,,GAIA,US,,,"Commercial,Open Source",MIT,gaia-platform/GaiaPlatform,Y,,
genji,genji,,X_Single,Y_auto,Genji,Document,Go,,,Asdine El Hrychy,AE,2018,,Open Source,,genjidb/genji,Y,,
ghostdb,ghostdb,,X_Single,Y_auto,GhostDB,Key-value,Go,,,Jake Grogan,IE,2020,,Open Source,BSD,jakekgrog/GhostDB,Y,,
goshawkdb,goshawkdb,,X_Single,Y_auto,GoshawkDB,,,,,Matthew Sackman,GB,,,"Commercial,Open Source",AGPL v3,goshawkdb/server,Y,,
graphik,graphik,,X_Single,Y_auto,Graphik,Document,Go,,,Coleman Word,US,2020,,"Hobby,Open Source",Apache v2,graphikDB/graphik,Y,,
graviton,graviton,,X_Single,Y_auto,Graviton,Key-value,Go,,,DERO Foundation,FR,2020,,Open Source,GPL v3,deroproject/graviton,Y,,
greatsql,greatsql,,X_Single,Y_auto,GreatSQL,Relational,C++,,,"Beijing Wanli Open Source Software Co., Ltd.",CN,2020,,"Commercial,Open Source",GPL v2,GreatSQL/GreatSQL,Y,,
greenplum,greenplum,greenplum,Normal,Y_auto,Greenplum,Relational,C,,,"Greenplum, Pivotal Software Inc.",US,2003#dbdbio>|<dbengines#2005,2020,"Commercial,Open Source",Apache v2.0,greenplum-db/gpdb,Y,10.94,46
greptimedb,greptimedb,greptimedb,Normal,Y_auto,GreptimeDB,Time Series,Rust,,,Greptime Inc.,CN,2022,,"Commercial,Open Source",Apache v2.0,GreptimeTeam/greptimedb,Y,0.3,330
griddb,griddb,griddb,Normal,Y_auto,GridDB,Key-value#dbdbio>|<dbengines#Time Series,C++,,,Toshiba Corporation,JP,2011#dbdbio>|<dbengines#2013,,"Commercial,Open Source","AGPL v3, Apache v2; commercial license (standard and advanced editions) also available",griddb/griddb,Y,1.97,146
gun,gun,,X_Single,Y_auto,GUN,Graph,JavaScript,,,Mark Nadal,US,2014,,"Commercial,Open Source",Apache v2,amark/gun,Y,,
h-store,h-store,,X_Single,Y_auto,H-Store,Relational,"C++,Java","SQL,Stored Procedures",Shared-Nothing,"Brown University, Massachusetts Institute of Technology, Carnegie Mellon University",US,2006,2016,"Academic,Open Source","BSD,GPL v3",apavlo/h-store,Y,,
h2,h2,h2,Normal,Y_auto,H2,Relational,Java,SQL,"Shared-Everything,Embedded",Thomas Mueller,CH,2004#dbdbio>|<dbengines#2005,2022,Open Source,"Eclipse Public License,Mozilla Public License",h2database/h2database,Y,8.46,53
halodb,halodb,,X_Single,Y_auto,HaloDB,Key-value,Java,,Embedded,Yahoo!,US,2017,,"Industrial Research,Open Source",Apache v2,yahoo/HaloDB,Y,,
hanoidb,hanoidb,,X_Single,Y_auto,HanoiDB,Key-value,Erlang,,,Kresten Krab Thorup,DK,2012,2016,Open Source,,krestenkrab/hanoidb,Y,,
hawq,hawq,apache-hawq,Fuzzy:Normal,Y,Apache HAWQ,Relational,Java,SQL,Shared-Disk,Pivotal#dbdbio>|<dbengines#Pivotal  Software; Apache,US,2015#dbdbio>|<dbengines#2012,,Open Source,Apache v2,apache/hawq,Y,1.42,179
hazelcast,hazelcast,hazelcast,Normal,Y_auto,Hazelcast,Key-value,Java,Custom API,Shared-Nothing,Hazelcast,US,2008,2023,"Commercial,Open Source",Apache v2; commercial licenses available,hazelcast/hazelcast,Y,9.11,49
heavydb,heavydb,,X_Single,Y_auto,HeavyDB,Relational,C++,SQL,Shared-Everything,HEAVY.AI,US,2013,,"Commercial,Open Source",Apache v2,heavyai/heavydb,Y,,
herddb,herddb,,X_Single,Y_auto,HerdDB,Relational,Java,"Custom API,SQL,Command-line / Shell",Shared-Nothing,Diennea S.r.l.,IT,2016,,Open Source,Apache v2,diennea/herddb,Y,,
heroic,heroic,heroic,Normal,Y_auto,Heroic,Key-value#dbdbio>|<dbengines#Time Series,Java,Custom API,Shared-Nothing,Spotify,SE,2015#dbdbio>|<dbengines#2014,2019,Open Source,Apache v2.0,spotify/heroic,Y,0.37,306
hibari,hibari,hibari,Normal,Y_auto,Hibari,Key-value,Erlang,,,Gemini Mobile Technologies,"US,JP",2005,,Open Source,Apache v2,hibari/hibari,Y,1.21,196
hipsterdb,hipsterdb,,X_Single,Y_auto,hipsterDB,Key-value,Go,HTTP / REST,,Rob Merrell,US,2013,2013,"Hobby,Open Source",,robmerrell/hipsterdb,Y,,
histore,histore,,X_Single,Y_auto,Histore,Key-value,JavaScript,Custom API,,Jason Miller,US,2018,,Open Source,Apache v2,developit/histore,Y,,
hive-dart,hive-dart,,X_Single,Y_auto,Hive (Dart),Key-value,Dart,Custom API,Embedded,Simon Leier,DE,2019,,Open Source,Apache v2,hivedb/hive,Y,,
hstreamdb,hstreamdb,,X_Single,Y_auto,HStreamDB,Relational,Haskell,SQL,,"EMQ Technologies Co., Ltd.",CN,2020,,"Commercial,Open Source",BSD,hstreamdb/hstream,Y,,
hydra,hydra,,X_Single,Y_auto,Hydra,"Object oriented,Relational",C,SQL,Shared-Everything,Hydra,CA,2022,,"Commercial,Open Source","AGPL v3,,,Apache v2",HydrasDB/hydra,Y,,
hyperdex,hyperdex,,X_Single,Y_auto,HyperDex,Key-value,C++,Custom API,Shared-Nothing,Cornell University,US,2011,2016,"Academic,Open Source",BSD,rescrv/HyperDex,Y,,
hypergraphdb,hypergraphdb,hypergraphdb,Normal,Y_auto,HyperGraphDB,Graph,Java,Custom API,Shared-Nothing,Kobrix Software,US,2007,,Open Source,Apache v2#dbdbio>|<dbengines#L-GPL,hypergraphdb/hypergraphdb,Y,0.41,297
hypertable,hypertable,,X_Single,Y_auto,Hypertable,Wide column,C++,"Custom API,Command-line / Shell",Shared-Disk,Zvents,US,2008,,"Commercial,Open Source",GPL v3,hypertable/hypertable,Y,,
hyrise,hyrise,,X_Single,Y_auto,Hyrise,Relational,C++,"SQL,Stored Procedures",Shared-Everything,Hasso Plattner Institute,DE,2009,,"Academic,Open Source",MIT,hyrise/hyrise,Y,,
icecoal,icecoal,,X_Single,Y_auto,Icecoal,Relational,Python,SQL,Embedded,,,2020,,"Hobby,Open Source",MIT,ppml38/icecoal,Y,,
icefiredb,icefiredb,,X_Single,Y_auto,IceFireDB,Key-value,Go,"Custom API,HTTP / REST",Shared-Nothing,Li Biao,CN,2021,,"Hobby,Open Source",Apache v2,IceFireDB/IceFireDB,Y,,
ignite,ignite,ignite,Normal,Y_auto,Ignite,Key-value,Java,SQL,Shared-Nothing,Apache Software Foundation,US,2014#dbdbio>|<dbengines#2015,,Open Source,Apache v2.0,apache/ignite,Y,5.5,78
immortaldb,immortaldb,,X_Single,Y_auto,ImmortalDB,Key-value,JavaScript,Custom API,Embedded,Ansgar Grunseid,US,2018,,Open Source,MIT,gruns/ImmortalDB,Y,,
immudb,immudb,immudb,Normal,Y_auto,Immudb,Key-value,Go,HTTP / REST,,"Codenotary, Inc.",US,2019#dbdbio>|<dbengines#2020,2022,Open Source,Apache v2.0,codenotary/immudb,Y,0.31,323
impala,impala,impala,Normal,Y_auto,Impala,Relational,C++,"Custom API,SQL",Shared-Nothing,Cloudera,US,2013,2022,"Commercial,Open Source",Apache v2,apache/impala,Y,18.7,37
infinidb,infinidb,,X_Single,Y_auto,InfiniDB,Relational,C++,SQL,"Shared-Nothing,Shared-Disk","InfiniDB, Inc.",US,2000,,"Commercial,Open Source",GPL v2,infinidb/infinidb,Y,,
infinispan,infinispan,infinispan,Normal,Y_auto,Infinispan,Key-value,Java,Custom API,,RedHat,US,2009,2021,"Commercial,Open Source",Apache v2,infinispan/infinispan,Y,3.76,97
infinisql,infinisql,,X_Single,Y_auto,InfiniSQL,Relational,C++,,,Mark Travis,US,2013,,Open Source,GPL v3,infinisql/infinisql,Y,,
influxdb,influxdb,influxdb,Normal,Y_auto,InfluxDB,Wide column#dbdbio>|<dbengines#Time Series,Go,"Custom API,SQL,HTTP / REST",,InfluxData,US,2013,2022,"Commercial,Open Source",MIT; commercial enterprise version available,influxdata/influxdb,Y,29.44,29
iondb,iondb,,X_Single,Y_auto,IonDB,Key-value,C,Custom API,Embedded,Graeme Douglas,CA,2015,,"Academic,Open Source",BSD,iondbproject/iondb,Y,,
iotdb,iotdb,apache-iotdb,Fuzzy:Normal,Y,Apache IoTDB,Hierarchical#dbdbio>|<dbengines#Time Series,Java,Custom API,Embedded,Tsinghua University#dbdbio>|<dbengines#Apache Software Foundation,CN,2017#dbdbio>|<dbengines#2018,,"Academic,Open Source",Apache v2.0,apache/iotdb,Y,0.99,221
irmin,irmin,,X_Single,Y_auto,Irmin,Document,Ocaml,"Custom API,Command-line / Shell",,MirageOS,FR,2013,,Open Source,ISC License,mirage/irmin,Y,,
jackrabbit,jackrabbit,jackrabbit,Normal,Y_auto,Jackrabbit,Object oriented#dbdbio>|<dbengines#Content,Java,,,Day Software#dbdbio>|<dbengines#Apache Software Foundation,CH,2004#dbdbio>|<dbengines#2006,,Open Source,Apache v2,apache/jackrabbit,Y,6.03,71
jaguar,jaguar,,X_Single,Y_auto,Jaguar,"Key-value,Array",C++,"Custom API,SQL,Command-line / Shell",Shared-Nothing,Data Jaguar,US,2017,,"Commercial,Open Source",MIT,datajaguar/jaguardb,Y,,
janusgraph,janusgraph,janusgraph,Normal,Y_auto,JanusGraph,Graph,Java,Gremlin,Shared-Disk,"The Linux Foundation; originally developed as,Titan,by Aurelius",US,2012#dbdbio>|<dbengines#2017,2022,Open Source,Apache v2.0,JanusGraph/janusgraph,Y,2.79,117
jasdb,jasdb,jasdb,Normal,Y_auto,JasDB,Document,Java,HTTP / REST,,Obera Software,NL,2013#dbdbio>|<dbengines#2014,,"Commercial,Open Source",MIT,oberasoftware/jasdb,Y,0,389
jena,jena,apache-jena-tdb,Fuzzy:Normal,Y,Apache Jena,RDF,Java,"SPARQL,Datalog",,HP Labs#dbdbio>|<dbengines#Apache Software Foundation,GB,2000,2022,Open Source,Apache v2.0,apache/jena,Y,5.09,82
jindb,jindb,,X_Single,Y_auto,JinDB,,Rust,Custom API,Shared-Everything,Shoyo Inokuchi,JP,2019,,"Hobby,Open Source",MIT,shoyo/jindb,Y,,
jsdb,jsdb,,X_Single,Y_auto,JSDB,Document,JavaScript,Custom API,,Small Technology Foundation,IE,2020,,"Hobby,Open Source",AGPL v3,small-tech/jsdb,Y,,
jsonstoreio,jsonstoreio,,X_Single,Y_auto,jsonstore.io,Document,JavaScript,HTTP / REST,,Eliran Pe'er,IL,2018,,Open Source,MIT,bluzi/jsonstore,Y,,
jsqldb,jsqldb,,X_Single,Y_auto,JSqlDb,Document,C++,,Shared-Everything,Konrad von Backström,ZA,2017,,Open Source,LGPL v3,jsqldb/jsqldb,Y,,
juliadb,juliadb,,X_Single,Y_auto,JuliaDB,Relational,Julia,Custom API,Embedded,,US,2017,,Open Source,MIT,JuliaData/JuliaDB.jl,Y,,
justindb,justindb,,X_Single,Y_auto,JustinDB,Key-value,Scala,HTTP / REST,Shared-Nothing,Mateusz Maciaszek,PL,2015,,Open Source,Apache v2,justin-db/JustinDB,Y,,
kairosdb,kairosdb,kairosdb,Normal,Y_auto,KairosDB,Time Series,,HTTP / REST,,KairosDB,US,2013,,Open Source,Apache v2.0,kairosdb/kairosdb,Y,1.06,210
kareldb,kareldb,,X_Single,Y_auto,KarelDB,Relational,Java,SQL,,Confluent,US,2019,,Open Source,Apache v2,rayokota/kareldb,Y,,
kerf,kerf,,X_Single,Y_auto,Kerf,,C,"SQL,HTTP / REST",,Kevin Lawler,US,2014,,"Commercial,Open Source",,kevinlawler/kerf,Y,,
keydb,keydb,keydb,Normal,Y_auto,KeyDB,Key-value,C++,Custom API,,EQ Alpha Technology Ltd.,CA,2019,,"Commercial,Open Source",BSD-3,Snapchat/KeyDB,Y,0.76,244
kingdb,kingdb,,X_Single,Y_auto,KingDB,Key-value,,Custom API,"Shared-Everything,Embedded",Emmanuel Goossaert,NL,2012,,"Hobby,Open Source",BSD,goossaert/kingdb,Y,,
kinto,kinto,,X_Single,Y_auto,Kinto,Document,Python,HTTP / REST,,Mathieu Leplatre,ES,2014,,"Commercial,Open Source",Mozilla Public License,Kinto/kinto,Y,,
kirbybase,kirbybase,,X_Single,Y_auto,KirbyBase,,"Python,Ruby",,"Shared-Everything,Embedded",NetPro Technologies,US,2003,,Open Source,,weppos/kirbybase,Y,,
krati,krati,,X_Single,Y_auto,Krati,Key-value,Java,,,LinkedIn,US,2010,2013,Open Source,Apache v2,jingwei/krati,Y,,
ksqldb,ksqldb,,X_Single,Y_auto,ksqlDB,"Relational,Key-value",Java,,,Confluent,US,2017,,"Commercial,Open Source",Proprietary,confluentinc/ksql,Y,,
kudu,kudu,,X_Single,Y_auto,Kudu,Relational,C++,,,Cloudera,US,2016,,Open Source,Apache v2,apache/kudu,Y,,
kunlun,kunlun,,X_Single,Y_auto,Kunlun,Relational,C,,,Zetuo Technology,CN,2019,,"Hobby,Open Source",Commons Clause License,zettadb/kunlun,Y,,
kvrocks,kvrocks,,X_Single,Y_auto,Kvrocks,Key-value,C++,,,Meitu,CN,2019,,Open Source,BSD,KvrocksLabs/kvrocks,Y,,
kylin,kylin,apache-kylin,Fuzzy:Normal,Y,Apache Kylin,Key-value#dbdbio>|<dbengines#Relational,Java,,,"eBay#dbdbio>|<dbengines#Apache Software  Foundation, originally contributed from eBay Inc",CN,2013#dbdbio>|<dbengines#2015,,Open Source,Apache v2.0,apache/kylin,Y,1.63,164
kuzu,kuzu,,X_Single,Y_auto,Kùzu,Graph,C++,,,University of Waterloo,CA,2020,,"Academic,Open Source",MIT,kuzudb/kuzu,Y,,
lazer,lazer,,X_Single,Y_auto,Lazer,Document,PHP,,,Grzegorz Kuznik,PL,2013,,Open Source,MIT,Greg0/Lazer-Database,Y,,
lealone,lealone,,X_Single,Y_auto,Lealone,Relational,Java,,,,CN,2012,,Open Source,"Eclipse Public License,,,Mozilla Public License",lealone/Lealone,Y,,
ledisdb,ledisdb,ledisdb,Normal,Y_auto,LedisDB,Key-value,Go,,,Siddon Tang,CN,2014,,Open Source,MIT,ledisdb/ledisdb,Y,0.19,355
lindb,lindb,,X_Single,Y_auto,LinDB,Wide column,Go,,,ELEME Inc.,CN,2019,,Open Source,Apache v2,eleme/lindb,Y,,
lineairdb,lineairdb,,X_Single,Y_auto,LineairDB,Key-value,C++,,,Nippon Telegraph and Telephone Corporation,JP,2020,,Open Source,Apache v2,LineairDB/LineairDB,Y,,
litedb,litedb,litedb,Normal,Y_auto,LiteDB,Document,C#,,,Mauricio David,BR,2014,,Open Source,MIT,mbdavid/LiteDB,Y,1.75,155
littled,littled,,X_Single,Y_auto,LittleD,,,,,Graeme Douglas,CA,,,Open Source,Apache v2,graemedouglas/LittleD,Y,,
llamadb,llamadb,,X_Single,Y_auto,LlamaDB,,Rust,,,Danny Spencer,CA,2015,2017,Open Source,MIT,nukep/llamadb,Y,,
locustdb,locustdb,,X_Single,Y_auto,LocustDB,Relational,Rust,,,Clemens Winter,US,2017,,Open Source,,cswinter/LocustDB,Y,,
lokijs,lokijs,lokijs,Normal,Y_auto,LokiJS,Document,JavaScript,,Embedded,Joe Minichino,IE,2013#dbdbio>|<dbengines#2014,,Open Source,,techfort/LokiJS,Y,0.7,252
lovefield,lovefield,lovefield,Normal,Y_auto,Lovefield,Relational,JavaScript,,,Google,US,2014,2017,Open Source,Apache v2.0,google/lovefield,Y,0.53,272
lowdb,lowdb,,X_Single,Y_auto,LowDB,Document,JavaScript,,Embedded,,,2014,,Open Source,MIT,typicode/lowdb,Y,,
lucene,lucene,,X_Single,Y_auto,Lucene,Document,Java,Custom API,Embedded,Apache Software Foundation,US,1999,,Open Source,Apache v2,apache/lucene,Y,,
luciddb,luciddb,,X_Single,Y_auto,LucidDB,,"C++,Java",,,"LucidEra, Inc.",US,2004,,"Commercial,Open Source","Apache v2,GPL v2,LGPL v2",LucidDB/luciddb,Y,,
lungodb,lungodb,,X_Single,Y_auto,LungoDB,Document,Go,Custom API,Embedded,Joël Gähwiler,CH,2019,,Open Source,MIT,256dpi/lungo,Y,,
m3db,m3db,m3db,Normal,Y_auto,M3DB,Relational#dbdbio>|<dbengines#Time Series,Go,,,Uber,US,2018,,Open Source,Apache v2,m3db/m3,Y,1.08,207
mangodb,mangodb,,X_Single,Y_auto,MangoDB,Document,Python,Custom API,,David Cramer,US,2012,,"Hobby,Open Source",,dcramer/mangodb,Y,,
manticore-search,manticore-search,manticore-search,Normal,Y_auto,Manticore Search,Relational#dbdbio>|<dbengines#Search engine,C++,"SQL,HTTP / REST",,Manticore Software Ltd,GB,2017,2021,"Commercial,Open Source",GPL v2,manticoresoftware/manticoresearch,Y,0.3,327
mapdb,mapdb,mapdb,Normal,Y_auto,MapDB,Object oriented#dbdbio>|<dbengines#Key-value,Java,,Embedded,Jan Kotek,CZ,2012#dbdbio>|<dbengines#2002,,Open Source,Apache v2,jankotek/mapdb,Y,0.99,220
marcellodb,marcellodb,,X_Single,Y_auto,MarcelloDB,Object oriented,C#,Custom API,Embedded,Mark Meeus,BE,2014,,Open Source,MIT,markmeeus/MarcelloDB,Y,,
mariadb,mariadb,mariadb,Normal,Y_auto,MariaDB,Relational,"Bash,C,C++,Perl","Custom API,SQL,Stored Procedures",,"MariaDB Foundation#dbdbio>|<dbengines#MariaDB Corporation Ab (MariaDB Enterprise),,MariaDB Foundation (community MariaDB Server)",SE,2009,2023,Open Source,"GPL v2, commercial enterprise subscription available",MariaDB/server,Y,96.81,13
matrixone,matrixone,matrixone,Normal,Y_auto,MatrixOne,Relational,Go,SQL,,MatrixOrigin,CN,2021,,"Commercial,Open Source",Apache v2.0,matrixorigin/matrixone,Y,1.44,175
mcdb,mcdb,,X_Single,Y_auto,mcdb,Key-value,C,,,Glenn Strauss,US,2010,,Open Source,LGPL v2,gstrauss/mcdb,Y,,
mckoi-sql-database,mckoi-sql-database,,X_Single,Y_auto,Mckoi SQL Database,Relational,Java,SQL,"Shared-Everything,Embedded","Diehl and Associates, Inc.",US,1998,,"Commercial,Open Source",GPL v2,Mckoi/origsqldb,Y,,
meilisearch,meilisearch,meilisearch,Normal,Y_auto,Meilisearch,Document#dbdbio>|<dbengines#Search engine,Rust,"Custom API,HTTP / REST",,Meilisearch,FR,2018#dbdbio>|<dbengines#2020,,"Commercial,Open Source",MIT,meilisearch/meilisearch,Y,1.09,204
memcached,memcached,memcached,Normal,Y_auto,Memcached,Key-value,C,Custom API,,Danga Interactive,US,2003,2023,"Commercial,Open Source",BSD,memcached/memcached,Y,23.17,31
memgraph,memgraph,memgraph,Normal,Y_auto,Memgraph,Graph,"C,C++",Cypher,,Dominik Tomicevic and Marko Budiselic#dbdbio>|<dbengines#Memgraph Ltd,GB,2016#dbdbio>|<dbengines#2017,,"Commercial,Open Source",Business Source License; Free license available,memgraph/memgraph,Y#dbdbio>|<dbengines#N,1.68,158
memstate,memstate,,X_Single,Y_auto,Memstate,Object oriented,C#,Custom API,,Devrex Labs,SE,2017,,"Commercial,Open Source","GPL v3,,,LGPL v3",devrexlabs/memstate,Y,,
mentat,mentat,,X_Single,Y_auto,Mentat,Relational,Rust,,,Mozilla,US,2016,,Open Source,Apache v2,mozilla/mentat,Y,,
metalbase,metalbase,,X_Single,Y_auto,MetalBase,Relational,C,,,Richard P Jernigan IV,US,,,Open Source,,apavlo/metalbase,Y,,
milvus,milvus,milvus,Normal,Y_auto,Milvus,Array#dbdbio>|<dbengines#Search engine,Go,Custom API,,The Milvus Project,CN,2019,,Open Source,Apache v2.0,milvus-io/milvus,Y,0.78,240
mldb,mldb,,X_Single,Y_auto,MLDB,,C++,"SQL,HTTP / REST",,MLDB.ai,CA,2015,,"Commercial,Open Source",Apache v2,mldbai/mldb,Y,,
mnesia,mnesia,mnesia,Normal,Y_auto,Mnesia,Relational#dbdbio>|<dbengines#Document,Erlang,Custom API,,Ericsson,FI,1999,,Open Source,proprietary license,beardedeagle/mnesiac,Y,1.86,152
modeshape,modeshape,modeshape,Normal,Y_auto,ModeShape,Object oriented#dbdbio>|<dbengines#Content,Java,"Custom API,SQL,HTTP / REST",,Red Hat,US,2008#dbdbio>|<dbengines#2010,,"Commercial,Open Source",Apache v2,ModeShape/modeshape,Y,0.72,246
mondrian,mondrian,,X_Single,Y_auto,Mondrian,Relational,Java,,,Pentaho,US,2002,,"Commercial,Open Source",Eclipse Public License,pentaho/mondrian,Y,,
monetdb,monetdb,monetdb,Normal,Y_auto,MonetDB,Wide column#dbdbio>|<dbengines#Relational,C,SQL,,CWI#dbdbio>|<dbengines#MonetDB BV,NL,2002#dbdbio>|<dbengines#2004,,"Academic,Open Source",Mozilla Public License 2.0,MonetDB/MonetDB,Y,2.38,131
mongodb,mongodb,mongodb,Multiple:Normal,Y_ConflictResolved,MongoDB,Document,,Custom API,,MongoDB Inc.,US,2009,2022,"Commercial,Open Source",Server Side Public License#dbdbio>|<dbengines#MongoDB Inc.'s Server Side Public License v1. Prior versions were published under GNU AGPL v3.0. Commercial licenses are also available.,mongodb/mongo,Y,452.77,5
mulgara,mulgara,mulgara,Normal,Y_auto,Mulgara,RDF,Java,SPARQL,,,US,2006,2012,Open Source,Open Software License 3.0#dbdbio>|<dbengines#Apache Version 2,quoll/mulgara,Y,0.5,281
mysql,mysql,mysql,Multiple:Normal,Y_ConflictResolved,MySQL,Relational,"C,C++",SQL,,MySQL AB#dbdbio>|<dbengines#Oracle,SE,1994#dbdbio>|<dbengines#1995,2023,Open Source,GPL v2. Commercial licenses with extended functionallity are available,mysql/mysql-server,Y,1195.45,2
nanolat,nanolat,,X_Single,Y_auto,Nanolat,Key-value,,,,,KR,2012,,Open Source,Apache v2,Nanolat/nldb,Y,,
ncache,ncache,ncache,Normal,Y_auto,NCache,Key-value,,,,Alachisoft,US,2015#dbdbio>|<dbengines#2005,,"Commercial,Open Source",Apache v2; Enterprise Edition available,Alachisoft/NCache,Y,1.35,183
nebula-graph,nebula-graph,,X_Single,Y_auto,Nebula Graph,Graph,C++,Custom API,Shared-Nothing,VEsoft inc.,CN,2018,,Open Source,Apache v2,vesoft-inc/nebula,Y,,
nedb,nedb,,X_Single,Y_auto,NeDB,Document,JavaScript,Custom API,Embedded,Louis Chatriot,FR,2013,,Open Source,MIT,louischatriot/nedb,Y,,
neo4j,neo4j,neo4j,Normal,Y_auto,Neo4j,Graph,"Java,Scala",Cypher,Shared-Nothing,"Neo4j, Inc.",SE,2007,2023,"Commercial,Open Source","AGPL v3,GPL v3; commercial licenses available",neo4j/neo4j,Y,55.43,20
neon,neon,,X_Single,Y_auto,Neon,"Object oriented,Relational","C,Rust",,Shared-Disk,Neon,US,2021,,"Commercial,Open Source",Apache v2,neondatabase/neon,Y,,
nessdb,nessdb,,X_Single,Y_auto,nessDB,Key-value,C,Custom API,Embedded,Bohu Tang,CN,2011,,Open Source,BSD,BohuTANG/nessDB,Y,,
nitrite,nitrite,,X_Single,Y_auto,Nitrite,Document,Java,Custom API,Embedded,Anindya Chatterjee,IN,2017,,Open Source,Apache v2,dizitart/nitrite-database,Y,,
noisepage,noisepage,,X_Single,Y_auto,NoisePage,Relational,C++,SQL,Shared-Everything,Carnegie Mellon University,US,2018,,"Academic,Open Source",MIT,cmu-db/noisepage,Y,,
noms,noms,,X_Single,Y_auto,Noms,Document,Go,,,Attic Labs,US,2015,,Open Source,Apache v2,attic-labs/noms,Y,,
nosdb,nosdb,nosdb,Normal,Y_auto,NosDB,Document,C#,"Custom API,HTTP / REST",,Alachisoft,US,2016,,"Commercial,Open Source",Apache v2; Professional and Enterprise Versions available,Alachisoft/NosDB,Y,0.22,348
nudb,nudb,,X_Single,Y_auto,NuDB,Key-value,C++,Custom API,Embedded,Vinnie Falco,US,2016,,Open Source,Boost Software License,vinniefalco/NuDB,Y,,
nutsdb,nutsdb,,X_Single,Y_auto,NutsDB,Key-value,Go,Custom API,,Jiajun Xu,CN,2018,,Open Source,Apache v2,xujiajun/nutsdb,Y,,
objectbox,objectbox,objectbox,Normal,Y_auto,ObjectBox,Object oriented,"C,C++,Go,Java,Python,Swift",Custom API,Embedded,ObjectBox Limited,DE,2016#dbdbio>|<dbengines#2017,,"Commercial,Open Source",Apache v2,objectbox/objectbox-java,Y,1.57,170
oceanbase,oceanbase,oceanbase,Normal,Y_auto,OceanBase,Relational,C++,SQL,Shared-Nothing,OceanBase,CN,2010#dbdbio>|<dbengines#2011,,"Commercial,Open Source",Mulan PubL v2; Commercial license available,oceanbase/oceanbase,Y,1.98,145
olegdb,olegdb,,X_Single,Y_auto,OlegDB,Key-value,"C,Go",HTTP / REST,Shared-Everything,"Quinlan Pfiffer, Kyle Terry",US,2014,,"Commercial,Open Source",MIT,infoforcefeed/OlegDB,Y,,
openmldb,openmldb,,X_Single,Y_auto,OpenMLDB,Relational,C++,"SQL,HTTP / REST",,4Paradigm,CN,2017,,Open Source,Apache v2,4paradigm/OpenMLDB,Y,,
opentsdb,opentsdb,opentsdb,Normal,Y_auto,OpenTSDB,Key-value#dbdbio>|<dbengines#Time Series,Java,"Custom API,HTTP / REST,Command-line / Shell",Shared-Disk,currently maintained by Yahoo and other contributors,US,2010#dbdbio>|<dbengines#2011,,Open Source,LGPL v2,OpenTSDB/opentsdb,Y,2.44,128
orbitdb,orbitdb,,X_Single,Y_auto,OrbitDB,"Key-value,Document",JavaScript,Custom API,Shared-Nothing,,DE,2015,,Open Source,MIT,orbitdb/orbit-db,Y,,
orientdb,orientdb,orientdb,Normal,Y_auto,OrientDB,"Document,Key-value,Graph,Object oriented",Java,"SQL,Stored Procedures,GraphQL,Gremlin,HTTP / REST",Shared-Nothing,OrientDB LTD; CallidusCloud; SAP,GB,2010,2021,"Commercial,Open Source",Apache v2,orientechnologies/orientdb,Y,4.54,85
origodb,origodb,origodb,Normal,Y_auto,OrigoDB,"Document,Relational,Key-value,Graph,Object oriented",C#,Custom API,Shared-Nothing,Robert Friberg et al,SE,2011#dbdbio>|<dbengines#2009,,"Commercial,Open Source",MIT,DevrexLabs/OrigoDB,Y,0.25,337
paldb,paldb,,X_Single,Y_auto,PalDB,Key-value,Java,Custom API,,,US,2015,,Open Source,Apache v2,linkedin/PalDB,Y,,
paper,paper,,X_Single,Y_auto,Paper,"Key-value,Object oriented",Java,Custom API,Embedded,,SE,2015,,Open Source,Apache v2,pilgr/Paper,Y,,
pearldb,pearldb,,X_Single,Y_auto,PearlDB,Key-value,C,HTTP / REST,,,NZ,2015,,Open Source,BSD,willemt/pearldb,Y,,
pebble,pebble,,X_Single,Y_auto,Pebble,Key-value,Go,Custom API,Embedded,,US,2018,,Open Source,BSD,petermattis/pebble,Y,,
percona-server,percona-server,percona-server-for-mysql,Multiple:Normal,Y_ConflictResolved,Percona Server for MySQL,Relational,,SQL,Shared-Everything,Percona,US,2006#dbdbio>|<dbengines#2008,2022,"Commercial,Open Source",GPL version 2,percona/percona-server,Y,3.17,104
photondb,photondb,,X_Single,Y_auto,PhotonDB,Key-value,Rust,,,,CN,2022,,"Hobby,Open Source",Apache v2,photondb/photondb,Y,,
pickledb,pickledb,,X_Single,Y_auto,pickleDB,Document,Python,Custom API,Embedded,,US,2011,,"Hobby,Open Source",BSD,patx/pickledb,Y,,
picodb,picodb,,X_Single,Y_auto,PicoDB,Document,JavaScript,,Embedded,,FR,2016,,Open Source,MIT,jclo/picodb,Y,,
pika,pika,,X_Single,Y_auto,Pika,Key-value,C++,Custom API,Shared-Everything,,CN,2014,,Open Source,MIT,Qihoo360/pika,Y,,
piladb,piladb,,X_Single,Y_auto,piladb,Object oriented,Go,HTTP / REST,,,ES,2015,,Open Source,MIT,fern4lvarez/piladb,Y,,
pilosa,pilosa,,X_Single,Y_auto,Pilosa,Array,Go,"Custom API,HTTP / REST",Shared-Everything,,US,2017,,"Commercial,Open Source",Apache v2,pilosa/pilosa,Y,,
pincaster,pincaster,,X_Single,Y_auto,Pincaster,Document,C,HTTP / REST,,,FR,2010,,Open Source,MIT,jedisct1/Pincaster,Y,,
pinot,pinot,apache-pinot,Fuzzy:Normal,Y,Apache Pinot,Relational,Java,SQL,Shared-Nothing,LinkedIn#dbdbio>|<dbengines#Apache Software Foundation and contributors,US,2014#dbdbio>|<dbengines#2015,2022,Open Source,Apache v2.0,apache/pinot,Y,0.67,254
pinusdb,pinusdb,,X_Single,Y_auto,PinusDB,Relational,C++,SQL,,ChangSha JuSong Soft Inc.,CN,2019,,Open Source,GPL v3,pinusdb/pinusdb,Y,,
pipelinedb,pipelinedb,pipelinedb,Normal,Y_auto,PipelineDB,"Relational,Object oriented",C,,,,US,2015,,"Commercial,Open Source","BSD, GPL v3",pipelinedb/pipelinedb,Y,0.42,291
pogreb,pogreb,,X_Single,Y_auto,Pogreb,Key-value,Go,Custom API,Embedded,Artem Krylysov,US,2018,,Open Source,Apache v2,akrylysov/pogreb,Y,,
polypheny,polypheny,,X_Single,Y_auto,Polypheny,"Relational,Document,Graph",Java,"SQL,Cypher,HTTP / REST",Shared-Everything,"Polypheny GmbH, University of Basel",CH,2017,,"Academic,Commercial,Open Source",Apache v2,polypheny/Polypheny-DB,Y,,
pouchdb,pouchdb,pouchdb,Normal,Y_auto,PouchDB,Document,JavaScript,Custom API,Embedded,Apache Software Foundation,US,2010#dbdbio>|<dbengines#2012,2019,Open Source,Apache v2,pouchdb/pouchdb,Y,3.52,100
pranadb,pranadb,,X_Single,Y_auto,PranaDB,Relational,Go,SQL,,Cash App,GB,2022,,Open Source,,cashapp/pranadb,Y,,
prestodb,prestodb,,X_Single,Y_auto,PrestoDB,"Wide column,Relational,Key-value,Document",Java,SQL,Shared-Nothing,Facebook,US,2013,,Open Source,Apache v2,prestodb/presto,Y,,
prometheus,prometheus,prometheus,Normal,Y_auto,Prometheus,Key-value#dbdbio>|<dbengines#Time Series,Go,"HTTP / REST,PromQL",Shared-Disk,SoundCloud,DE,2012#dbdbio>|<dbengines#2015,,Open Source,Apache v2.0,prometheus/prometheus,Y,7.06,59
pumpkindb,pumpkindb,,X_Single,Y_auto,PumpkinDB,Key-value,Rust,,,Yurii Rashkovskii,CA,2017,,Open Source,Mozilla Public License,PumpkinDB/PumpkinDB,Y,,
pupdb,pupdb,,X_Single,Y_auto,PupDB,Key-value,Python,HTTP / REST,Shared-Everything,tuxmonk,IN,2019,,Open Source,MIT,tuxmonk/pupdb,Y,,
qikkdb,qikkdb,,X_Single,Y_auto,qikkDB,Relational,C++,SQL,,Instarea s.r.o.,SK,2019,,"Commercial,Open Source",Apache v2,qikkDB/qikkdb,Y,,
qserv,qserv,,X_Single,Y_auto,Qserv,Relational,C++,,,SLAC National Accelerator Laboratory,US,2011,,"Academic,Open Source",,lsst/qserv,Y,,
quadrable,quadrable,,X_Single,Y_auto,Quadrable,Key-value,C++,"Custom API,Command-line / Shell",Embedded,Doug Hoyte,CA,2020,,"Commercial,Open Source",BSD,hoytech/quadrable,Y,,
questdb,questdb,questdb,Normal,Y_auto,QuestDB,Relational#dbdbio>|<dbengines#Time Series,"C++,Java",SQL,"Shared-Nothing,Embedded",QuestDB Limited,GB,2014,,"Commercial,Open Source",Apache v2.0,questdb/questdb,Y,1.95,147
quickstep,quickstep,,X_Single,Y_auto,Quickstep,Relational,,,,University of Wisconsin,US,2013,2018,"Academic,Open Source",Apache v2,apache/incubator-retired-quickstep,Y,,
quokka,quokka,,X_Single,Y_auto,Quokka,Relational,,,,Ziheng Wang,US,2021,,"Hobby,Open Source",Apache v2,marsupialtail/quokka,Y,,
radondb,radondb,,X_Single,Y_auto,RadonDB,Relational,,,,Yunify Technologies Inc.,CN,2018,,"Commercial,Open Source",GPL v3,radondb/radon,Y,,
ragedb,ragedb,,X_Single,Y_auto,RageDB,Graph,,,,Max De Marzi,US,2021,,"Hobby,Open Source",Apache v2,ragedb/ragedb,Y,,
ravendb,ravendb,ravendb,Normal,Y_auto,RavenDB,"Key-value,Document#dbdbio>|<dbengines#Document",,,,Hibernating Rhinos,IL,2009#dbdbio>|<dbengines#2010,,"Commercial,Open Source",AGPL v3; commercial license available,ravendb/ravendb,Y,4.21,95
realm,realm,realm,Normal,Y_auto,Realm,Object oriented#dbdbio>|<dbengines#Document,,,,"Realm, acquired by MongoDB in May 2019",US,2011#dbdbio>|<dbengines#2014,,"Commercial,Open Source",Apache v2,realm/realm-core,Y,8.24,54
redb,redb,,X_Single,Y_auto,redb,Key-value,,,,Christopher Berner,US,2018,,"Hobby,Open Source",Apache v2,cberner/redb,Y,,
redcon,redcon,,X_Single,Y_auto,Redcon,Key-value,,,,Josh Baker,US,2016,,"Hobby,Open Source",MIT,tidwall/redcon,Y,,
redis,redis,redis,Normal,Y_auto,Redis,Key-value,,,,"Salvatore Sanfilippo#dbdbio>|<dbengines#Redis project core team, inspired by Salvatore Sanfilippo",IT,2009,2023,"Commercial,Open Source","BSD#dbdbio>|<dbengines#source-available extensions (modules), commercial licenses for Redis Enterprise",redis/redis,Y,173.83,6
redisql,redisql,,X_Single,Y_auto,RediSQL,Relational,,,,Red Beard Lab,IT,2016,,"Commercial,Open Source",AGPL v3,RedBeardLab/rediSQL,Y,,
redixdb,redixdb,,X_Single,Y_auto,RedixDB,Key-value,,,,Mohammed Al Ashaal,EG,2018,,"Hobby,Open Source",,alash3al/redix,Y,,
redstore,redstore,redstore,Normal,Y_auto,RedStore,RDF,,,,Nicholas Humfrey,GB,2009,,Open Source,GPL v3,njh/redstore,Y,0.37,309
reductstore,reductstore,,X_Single,Y_auto,ReductStore,Key-value,,,,,DE,2021,,"Commercial,Open Source",Mozilla Public License,reductstore/reductstore,Y,,
redwood,redwood,,X_Single,Y_auto,Redwood,Key-value,,,,Bryn Bellomy,US,2019,,"Hobby,Open Source",MIT,redwood/redwood,Y,,
refinedb,refinedb,,X_Single,Y_auto,RefineDB,Document,,,,Heyang Zhou,CN,2021,,"Hobby,Open Source",MIT,losfair/RefineDB,Y,,
rel,rel,,X_Single,Y_auto,Rel,Relational,,,,Dave Voorhis,GB,2004,,"Academic,Educational,Open Source",Apache v2,DaveVoorhis/Rel,Y,,
relaxo,relaxo,,X_Single,Y_auto,Relaxo,Document,,,,Samuel Williams,NZ,2012,,Open Source,MIT,ioquatix/relaxo,Y,,
rethinkdb,rethinkdb,rethinkdb,Normal,Y_auto,RethinkDB,Document,"Bash,C++,Java,JavaScript,Python",Custom API,Shared-Nothing,RethinkDB#dbdbio>|<dbengines#The Linux Foundation,US,2009,2020,Open Source,Apache v2,rethinkdb/rethinkdb,Y,3.85,96
riak,riak,,Fuzzy:X_Single,Y,Riak,Key-value,Erlang,,,Basho Technologies,US,2010,,"Commercial,Open Source",Apache v2,basho/riak,Y,,
risinglight,risinglight,,X_Single,Y_auto,RisingLight,Relational,Rust,SQL,Embedded,,US,2021,,"Educational,Open Source",Apache v2,risinglightdb/risinglight,Y,,
risingwave,risingwave,,X_Single,Y_auto,RisingWave,Relational,Rust,SQL,Shared-Everything,RisingWave Labs,US,2021,,"Commercial,Open Source",Apache v2,risingwavelabs/risingwave,Y,,
rocksdb,rocksdb,rocksdb,Normal,Y_auto,RocksDB,Key-value,"C,C++",Custom API,Embedded,"Facebook, Inc.",US,2012#dbdbio>|<dbengines#2013,2022,Open Source,Apache v2#dbdbio>|<dbengines#BSD,facebook/rocksdb,Y,4.47,91
roma,roma,,X_Single,Y_auto,ROMA,Key-value,Ruby,Custom API,Shared-Nothing,"Rakuten, Inc.",JP,2009,,"Commercial,Open Source",,roma/roma,Y,,
rondb,rondb,,X_Single,Y_auto,RonDB,Key-value,C,"Custom API,SQL",Shared-Nothing,Logical Clocks,SE,2020,,"Commercial,Open Source",GPL v2,logicalclocks/rondb,Y,,
rosedb,rosedb,,X_Single,Y_auto,RoseDB,Key-value,Go,Custom API,Shared-Everything,,CN,2020,,"Hobby,Open Source",MIT,roseduan/rosedb,Y,,
rqlite,rqlite,,X_Single,Y_auto,rqlite,Relational,Go,"SQL,HTTP / REST",Embedded,Philip O'Toole,US,2014,,Open Source,MIT,rqlite/rqlite,Y,,
rxdb,rxdb,,X_Single,Y_auto,RxDB,Document,JavaScript,"Custom API,GraphQL",,Daniel Van Meyer,DE,2016,,Open Source,Apache v2,pubkey/rxdb,Y,,
sapphiredb,sapphiredb,,X_Single,Y_auto,SapphireDb,Object oriented,C#,"Custom API,HTTP / REST",,Morris Janatzek,DE,2018,,"Hobby,Open Source",MIT,SapphireDb/SapphireDb,Y,,
scalaris,scalaris,scalaris,Normal,Y_auto,Scalaris,Key-value,Erlang,,,Zuse Institute Berlin,DE,2010,,"Academic,Open Source",Apache v2,scalaris-team/scalaris,Y,0.82,237
scaliendb,scaliendb,,X_Single,Y_auto,ScalienDB,Key-value,C++,HTTP / REST,Shared-Nothing,Scalien,HU,2010,,"Commercial,Open Source",AGPL v3,scalien/scaliendb,Y,,
scylla,scylla,,X_Single,Y_auto,Scylla,"Wide column,Key-value",C++,Custom API,Shared-Nothing,ScyllaDB Inc.,IL,2014,,"Commercial,Open Source",AGPL v3,scylladb/scylla,Y,,
sdb,sdb,,X_Single,Y_auto,SDB,"Relational,Document",C,Custom API,Embedded,,ES,,,Open Source,MIT,radare/sdb,Y,,
seafowl,seafowl,,X_Single,Y_auto,Seafowl,Relational,Rust,SQL,Shared-Everything,"Splitgraph, Inc.",GB,2022,,"Commercial,Open Source",Apache v2,splitgraph/seafowl,Y,,
senseidb,senseidb,senseidb,Normal,Y_auto,SenseiDB,Relational#dbdbio>|<dbengines#Document,Java,Custom API,Shared-Nothing,"LinkedIn, Xiaomi",US,2012#dbdbio>|<dbengines#2010,,Open Source,Apache v2,LinkedInAttic/sensei,Y,0.12,372
sequins,sequins,,X_Single,Y_auto,Sequins,Key-value,Go,,,Stripe,US,2014,,Open Source,MIT,stripe/sequins,Y,,
sequoiadb,sequoiadb,sequoiadb,Normal,Y_auto,SequoiaDB,Document,C++,,,SequoiaDB Corporation,CN,2011#dbdbio>|<dbengines#2013,,"Commercial,Open Source",AGPL v3,SequoiaDB/SequoiaDB,Y,0.59,260
serenity,serenity,,X_Single,Y_auto,Serenity,,C,,,,RU,2015,,Open Source,,pmwkaa/serenity,Y,,
shardingsphere,shardingsphere,,X_Single,Y_auto,ShardingSphere,Relational,Java,,,Apache,CN,2016,,Open Source,Apache v2,apache/shardingsphere,Y,,
silo,silo,,X_Single,Y_auto,Silo,Relational,"C++,Python",,,"Stephen Tu, Eddie Kohler",US,2013,,"Academic,Open Source",MIT,stephentu/silo,Y,,
sirdb,sirdb,,X_Single,Y_auto,Sir.DB,Document,JavaScript,,,Cris Stringfellow,HK,2020,,"Hobby,Open Source",MIT,c9fe/sirdb,Y,,
siridb,siridb,siridb,Normal,Y_auto,SiriDB,Time Series,C,,,Cesbit,NL,2016#dbdbio>|<dbengines#2017,,"Commercial,Open Source",MIT,SiriDB/siridb-server,Y,0.19,356
sirixdb,sirixdb,,X_Single,Y_auto,SirixDB,Document,"Java,Kotlin",,,University of Konstanz,DE,2012,,"Academic,Open Source",BSD,sirixdb/sirix,Y,,
skeletondb,skeletondb,,X_Single,Y_auto,SkeletonDB,,Go,,,Tristan Rice,CA,2016,,Open Source,MIT,d4l3k/skeletondb,Y,,
sksql,sksql,,X_Single,Y_auto,SKSQL,Relational,TypeScript,,,Alex Raffy,ES,2021,,"Hobby,Open Source",MIT,alexraffy/sksql,Y,,
skytable,skytable,skytable,Normal,Y_auto,Skytable,Key-value,Rust,,,"Skytable, Inc.",,2020,,Open Source,AGPL v3.0,skytable/skytable,Y,0.4,300
sled,sled,,X_Single,Y_auto,Sled,Key-value,Rust,,,Tyler Neely,"US,DE",2016,,Open Source,"Apache v2,,,MIT",spacejam/sled,Y,,
sleekdb,sleekdb,,X_Single,Y_auto,SleekDB,Document,PHP,,,,BD,2018,,Open Source,MIT,rakibtg/SleekDB,Y,,
slumber-db,slumber-db,,X_Single,Y_auto,Slumber DB,Key-value,Java,,,Richard Hightower,US,2014,,Open Source,Apache v2,RichardHightower/slumberdb,Y,,
sneller,sneller,,X_Single,Y_auto,Sneller,Document,Go,SQL,Shared-Disk,"Sneller, Inc.",US,2022,,"Commercial,Open Source",AGPL v3,SnellerInc/sneller,Y,,
solr,solr,solr,Normal,Y_auto,Solr,Document#dbdbio>|<dbengines#Search engine,Java,Custom API,Shared-Nothing,Apache Software Foundation,US,2004#dbdbio>|<dbengines#2006,2023,Open Source,Apache v2,apache/solr,Y,45.88,24
sones-graphdb,sones-graphdb,,X_Single,Y_auto,sones GraphDB,Graph,C#,,,sones GmbH,DE,2007,,"Commercial,Open Source",AGPL v3,sones/sones,Y,,
sonnerie,sonnerie,,X_Single,Y_auto,Sonnerie,Relational,Rust,"HTTP / REST,Command-line / Shell",,Charles Samuels,US,,,Open Source,BSD,njaard/sonnerie,Y,,
spark-sql,spark-sql,spark-sql,Normal,Y_auto,Spark SQL,Relational,,"Custom API,SQL",Shared-Nothing,Apache Software Foundation,US,2014,2022,Open Source,Apache v2.0,apache/spark,Y,19.74,36
sparrowdb,sparrowdb,,X_Single,Y_auto,SparrowDB,Key-value,Go,HTTP / REST,,SparrowDB,BR,2016,,Open Source,MIT,SparrowDb/sparrowdb,Y,,
sphinx,sphinx,sphinx,Normal,Y_auto,Sphinx,Search engine,C++,,,Sphinx Technologies Inc.,US,2001,2021,"Commercial,Open Source","GPL v2, commercial licence available",sphinxsearch/sphinx,Y,6.63,64
spicedb,spicedb,,X_Single,Y_auto,SpiceDB,Object oriented,Go,"Custom API,HTTP / REST",,Authzed,US,2021,,"Commercial,Open Source",Apache v2,authzed/spicedb,Y,,
splice-machine,splice-machine,splice-machine,Normal,Y_auto,Splice Machine,Relational,Java,SQL,Shared-Disk,Splice Machine,US,2012#dbdbio>|<dbengines#2014,,"Commercial,Open Source",AGPL v3.0; commercial license available,splicemachine/spliceengine,Y,1.03,212
splinterdb,splinterdb,,X_Single,Y_auto,SplinterDB,Key-value,C,Custom API,Embedded,"VMware, Inc.",US,2018,,"Industrial Research,Open Source",Apache v2,vmware/splinterdb,Y,,
srch2,srch2,,X_Single,Y_auto,SRCH²,,C++,,,SRCH²,US,2010,,"Commercial,Open Source",Proprietary,SRCH2/srch2-ngn,Y,,
ssdb,ssdb,,X_Single,Y_auto,SSDB,Key-value,C++,"Custom API,Command-line / Shell",Shared-Nothing,Zuyang Wu,CN,2013,,Open Source,BSD,ideawu/ssdb,Y,,
starrocks,starrocks,,X_Single,Y_auto,StarRocks,Relational,C++,SQL,,StarRocks Labs,CN,2021,,"Commercial,Open Source",Elastic License v2,StarRocks/StarRocks,Y,,
stellarsql,stellarsql,,X_Single,Y_auto,StellarSQL,Relational,Rust,SQL,,An-Chi Liu,TW,2018,,"Hobby,Open Source",MIT,stellarsql/StellarSQL,Y,,
stig,stig,,X_Single,Y_auto,Stig,Graph,C++,,Shared-Nothing,Tagged,US,2010,,Open Source,Apache v2,jssmith/stigdb,Y,,
stonedb,stonedb,,X_Single,Y_auto,StoneDB,Relational,,SQL,,StoneAtom Ltd.,CN,2022,,"Commercial,Open Source",,StoneAtom/stonedb,Y,,
summitdb,summitdb,,X_Single,Y_auto,SummitDB,Key-value,,Custom API,Shared-Nothing,,US,,,"Hobby,Open Source",MIT,tidwall/summitdb,Y,,
surrealdb,surrealdb,surrealdb,Normal,Y_auto,SurrealDB,"Document,Graph",,"Custom API,SQL,HTTP / REST","Shared-Nothing,Embedded",SurrealDB Ltd,GB,2022,,"Commercial,Open Source",Business Source License,surrealdb/surrealdb,Y,0.51,278
swaydb,swaydb,swaydb,Normal,Y_auto,SwayDB,Key-value,,Custom API,Embedded,Simer Plaha,AU,2018,,"Commercial,Open Source",AGPL v3.0,simerplaha/SwayDB,Y,0,388
swc-db,swc-db,swc-db,Normal,Y_auto,SWC-DB,"Wide column,Key-value",,"Custom API,SQL,Command-line / Shell",Shared-Nothing,Alex Kashirin,IL,2020,,"Commercial,Open Source","GPL v3,Proprietary",kashirin-alex/swc-db,Y,0.02,383
sylvadb,sylvadb,,X_Single,Y_auto,SylvaDB,Graph,,,,,CA,,,"Academic,Open Source",AGPL v3,CulturePlex/Sylva,Y,,
tabdb,tabdb,,X_Single,Y_auto,TabDB,Relational,,SQL,,,US,,,"Hobby,Open Source",,kkuchta/tabdb,Y,,
taffydb,taffydb,,X_Single,Y_auto,TaffyDB,Document,,,Embedded,,US,,,Open Source,MIT,typicaljoe/taffydb,Y,,
tarantool,tarantool,tarantool,Normal,Y_auto,Tarantool,Key-value,,"Custom API,Stored Procedures,Command-line / Shell",Shared-Nothing,VK,RU,2008,,"Commercial,Open Source",BSD,tarantool/tarantool,Y,1.87,151
tdengine,tdengine,tdengine,Normal,Y_auto,TDengine,Relational#dbdbio>|<dbengines#Time Series,,"Custom API,SQL,HTTP / REST,Command-line / Shell",Shared-Nothing,"TDEngine, previously Taos Data",CN,2019,,"Commercial,Open Source","AGPL v3#dbdbio>|<dbengines#GPL V3, also commercial editions available",taosdata/TDengine,Y,2.4,130
tendis,tendis,,X_Single,Y_auto,Tendis,Key-value,,Custom API,Shared-Nothing,,CN,,,Open Source,GPL v3,Tencent/Tendis,Y,,
tensorbase,tensorbase,,X_Single,Y_auto,TensorBase,Relational,,SQL,Shared-Disk,,CN,,,Open Source,Apache v2,tensorbase/tensorbase,Y,,
tera,tera,,X_Single,Y_auto,Tera,Wide column,,SQL,Shared-Disk,,CN,,,"Commercial,Open Source",BSD,baidu/tera,Y,,
terarkdb,terarkdb,terarkdb,Normal,Y_auto,TerarkDB,Key-value,,Custom API,Embedded,Terark,CN,2016,,Open Source,Apache v2; restricted open source version available,bytedance/terarkdb,Y#dbdbio>|<dbengines#N,0.25,337
terminusdb,terminusdb,terminusdb,Normal,Y_auto,TerminusDB,"Graph,Document,RDF",,"Custom API,Datalog",,DataChemist Ltd.,IE,2018,2022,"Commercial,Open Source",GPL v3,terminusdb/terminusdb,Y,0.34,315
thinksql,thinksql,,X_Single,Y_auto,ThinkSQL,Relational,Pascal,SQL,,,GB,2000,,"Commercial,Open Source",,ggaughan/ThinkSQL,Y,,
tidb,tidb,tidb,Normal,Y_auto,TiDB,Key-value#dbdbio>|<dbengines#Relational,Go,SQL,,"PingCAP, Inc.",CN,2015#dbdbio>|<dbengines#2016,2023,"Commercial,Open Source",Apache v2.0,pingcap/tidb,Y,3.01,108
tiedot,tiedot,,X_Single,Y_auto,tiedot,Document,Go,,,Howard Guo,FI,2013,,Open Source,BSD,HouzuoGuo/tiedot,Y,,
tieredmemdb,tieredmemdb,,X_Single,Y_auto,TieredMemDB,,,Command-line / Shell,,Intel,PL,2020,,"Industrial Research,Open Source",,TieredMemDB/TieredMemDB,Y,,
tigerbeetle,tigerbeetle,,X_Single,Y_auto,TigerBeetle,Relational,Zig,Custom API,,"Coil Technologies, Inc.",ZA,2020,,Open Source,Apache v2,coilhq/tigerbeetle,Y,,
tikv,tikv,,X_Single,Y_auto,TiKV,Key-value,Rust,Custom API,,Cloud Nature Computing Foundation (CNCF),CN,2016,,Open Source,Apache v2,tikv/tikv,Y,,
tile38,tile38,,X_Single,Y_auto,Tile38,,Go,"Custom API,HTTP / REST",,Josh Baker,US,2016,,Open Source,MIT,tidwall/tile38,Y,,
tiledb,tiledb,,X_Single,Y_auto,TileDB,Array,C++,"Custom API,SQL",,"TileDB Inc, Intel Labs",US,2017,,"Commercial,Open Source",MIT,TileDB-Inc/TileDB,Y,,
timbala,timbala,,X_Single,Y_auto,Timbala,Relational,Go,"HTTP / REST,PromQL",,Matt Bostock,GB,2016,2018,"Hobby,Open Source",Apache v2,mattbostock/timbala,Y,,
tingodb,tingodb,,X_Single,Y_auto,TingoDB,Document,JavaScript,Custom API,,PushOk Software,RU,2013,,Open Source,MIT,sergeyksv/tingodb,Y,,
tinybase,tinybase,,X_Single,Y_auto,TinyBase,Relational,TypeScript,Custom API,,James Pearce,US,2021,,Open Source,MIT,tinyplex/tinybase,Y,,
tinydb,tinydb,,X_Single,Y_auto,TinyDB,Document,Python,Custom API,,Markus Siemens,DE,2013,,Open Source,MIT,msiemens/tinydb,Y,,
titan-nosql,titan-nosql,,X_Single,Y_auto,Titan,,Go,,,"Meitu, Inc.",CN,2018,,"Hobby,Open Source",Apache v2,meitu/titan,Y,,
titan,titan,,X_Single,Y_auto,Titan,Graph,Java,Gremlin,,Aurelius,,2012,2015,Open Source,Apache v2,thinkaurelius/titan,Y,,
tokudb,tokudb,,X_Single,Y_auto,TokuDB,Relational,,,,Percona,US,2009,,"Commercial,Open Source",GPL v2,percona/tokudb-engine,Y,,
tokumx,tokumx,,X_Single,Y_auto,TokuMX,,,,,Tokutek,US,,,"Commercial,Open Source","AGPL v3,Apache v2,GPL v2",Tokutek/mongo,Y,,
tomp2p,tomp2p,tomp2p,Normal,Y_auto,TomP2P,Key-value,,,,Thomas Bocek,CH,2004,,Open Source,Apache v2,tomp2p/TomP2P,Y,0.19,356
torodb,torodb,torodb,Normal,Y_auto,ToroDB,Document,,,,8Kdata,ES,2016,,Open Source,AGPL v3,torodb/server,Y,0.26,334
trafodion,trafodion,trafodion,Normal,Y_auto,Trafodion,Relational,,,,"Apache Software Foundation, originally developed by Hewlett-Packard Company",US,2014,2019,Open Source,Apache v2.0,apache/trafodion,Y,0.64,256
traildb,traildb,,X_Single,Y_auto,TrailDB,,,,,AdRoll Inc.,US,,,"Commercial,Open Source",MIT,traildb/traildb,Y,,
treodedb,treodedb,,X_Single,Y_auto,TreodeDB,,,,,"Treode, Inc.",US,,,"Commercial,Open Source",Apache v2,Treode/store,Y,,
trino,trino,trino,Normal,Y_auto,Trino,Relational,,,,Trino Software Foundation,US,2012,,Open Source,Apache v2.0,trinodb/trino,Y,4.8,84
trousseau,trousseau,,X_Single,Y_auto,Trousseau,,,,,Théo Crevon,DE,,,Open Source,MIT,oleiade/trousseau,Y,,
ts-sql,ts-sql,,X_Single,Y_auto,ts-sql,,,,,Charles Pick,GB,,,"Hobby,Open Source",,codemix/ts-sql,Y,,
typedb,typedb,typedb,Normal,Y_auto,TypeDB,Graph,,,,Vaticle  (formerly Grakn Labs),GB,2016,2022,"Commercial,Open Source","AGPL v3#dbdbio>|<dbengines#GPL Version 3, commercial licenses available",vaticle/typedb,Y,1.39,182
typhoon,typhoon,,X_Single,Y_auto,Typhoon,,,,,"Thomas B. Pedersen, Kaz Kylheku",DK,,,Open Source,MIT,jonahharris/osdb-typhoon,Y,,
unqlite,unqlite,,X_Single,Y_auto,UnQLite,,,,,Symisc Systems,TN,,,"Commercial,Open Source",,symisc/unqlite,Y,,
upscaledb,upscaledb,upscaledb,Normal,Y_auto,upscaledb,Key-value,,,,Christoph Rupp,DE,2007,,"Commercial,Open Source",Apache v2,cruppstahl/upscaledb,Y,0.33,320
vanilladb,vanilladb,,X_Single,Y_auto,VanillaDB,,,,,National Tsing Hua University,TW,,,"Academic,Open Source",Apache v2,vanilladb/vanillacore,Y,,
vectorsql,vectorsql,,X_Single,Y_auto,VectorSQL,,,,,Bohu Tang,CN,,,"Hobby,Open Source",Apache v2,vectorengine/vectorsql,Y,,
velox,velox,,X_Single,Y_auto,Velox,,,,,Facebook,US,,,"Industrial Research,Open Source",Apache v2,facebookincubator/velox,Y,,
veloxdb,veloxdb,,X_Single,Y_auto,VeloxDB,,,,,VeloxDB,RS,,,"Commercial,Open Source",MIT,VeloxDB/VeloxDB,Y,,
vertexdb,vertexdb,,X_Single,Y_auto,VertexDB,Graph,,,,"Steve Dekorte, Rich Collins",US,,,"Hobby,,,Open Source",,stevedekorte/vertexdb,Y,,
vespa,vespa,,X_Single,Y_auto,Vespa,Document,,,,Yahoo!,NO,,,Open Source,,vespa-engine/vespa,Y,,
victoriametrics,victoriametrics,victoriametrics,Normal,Y_auto,VictoriaMetrics,Wide column#dbdbio>|<dbengines#Time Series,,,,VictoriaMetrics,UA,2018,,Open Source,Apache Version 2.0,VictoriaMetrics/VictoriaMetrics,Y,0.99,219
vitess,vitess,vitess,Normal,Y_auto,Vitess,Relational,,,,Youtube,US,2015,,Open Source,"Apache Version 2.0, commercial licenses available",vitessio/vitess,Y,1.01,217
viyadb,viyadb,,X_Single,Y_auto,ViyaDB,,,,,Michael Spector,IL,,,Open Source,,viyadb/viyadb,Y,,
voldemort,voldemort,project-voldemort,Fuzzy:Normal,Y,Project Voldemort,Key-value,,,,LinkedIn,US,2009,2017,Open Source,Apache version 2,voldemort/voldemort,Y,0.57,264
voltdb,voltdb,voltdb,Normal,Y_auto,VoltDB,Relational,,,,VoltDB Inc.,US,2010,,"Commercial,Open Source","AGPL for Community Edition, commercial license for Enterprise, AWS, and Pro Editions",VoltDB/voltdb,Y,2.29,134
vsql,vsql,,X_Single,Y_auto,vsql,Relational,,,,Elliot Chance,US,,,"Hobby,Open Source",,elliotchance/vsql,Y,,
warp-10,warp-10,warp-10,Normal,Y_auto,Warp 10,Time Series,,,,SenX S.A.S.,FR,2015,,"Commercial,Open Source",Apache License 2.0,senx/warp10-platform,Y,0.05,378
weaviate,weaviate,weaviate,Normal,Y_auto,Weaviate,Array#dbdbio>|<dbengines#Search engine,,,,SeMI Technologies B.V.,NL,2019,2022,"Commercial,Open Source",commercial license available with Weaviate Enterprise,semi-technologies/weaviate,Y,0.41,295
webscalesql,webscalesql,,X_Single,Y_auto,WebScaleSQL,,,,,"Facebook, Google, LinkedIn, Twitter, Alibaba Group","US,CN",,,Open Source,,webscalesql/webscalesql-5.6,Y,,
whitedb,whitedb,whitedb,Normal,Y_auto,WhiteDB,Network#dbdbio>|<dbengines#Document,,,,"Priit Järv, Tanel Tammet",EE,2008,,"Hobby,Open Source",GPL V3,priitj/whitedb,Y,0.19,356
wiredtiger,wiredtiger,,X_Single,Y_auto,WiredTiger,Key-value,,,,WiredTiger Inc.,"US,AU",,,"Commercial,Open Source",,wiredtiger/wiredtiger,Y,,
wonderdb,wonderdb,,X_Single,Y_auto,WonderDB,Relational,,,,Vilas Athavale,US,,,"Hobby,Open Source",,dreamdbvilas/wonderdb,Y,,
xap,xap,,X_Single,Y_auto,XAP,Key-value,,,,GigaSpaces,US,,,"Commercial,Open Source",,xap/xap,Y,,
xodus,xodus,,X_Single,Y_auto,Xodus,Document,,,,JetBrains,RU,,,Open Source,,JetBrains/xodus,Y,,
xtdb,xtdb,xtdb,Normal,Y_auto,XTDB,Document,,,,JUXT Ltd.,GB,2019,2021,"Commercial,Open Source",MIT License,xtdb/xtdb,Y,0.18,361
ydb,ydb,ydb,Normal,Y_auto,YDB,Relational#dbdbio>|<dbengines#Document,,,,Yandex,RU,2019,,"Commercial,Open Source",Apache 2.0; commercial license available,ydb-platform/ydb,Y,0.54,271
yottadb,yottadb,,X_Single,Y_auto,YottaDB,Key-value,C,Custom API,Embedded,"YottaDB, LLC",US,2001,,"Commercial,Open Source",AGPL v3,YottaDB/YDB,Y,,
yugabytedb,yugabytedb,yugabytedb,Normal,Y_auto,YugabyteDB,"Relational,Key-value",C++,"Custom API,PL/SQL",Shared-Nothing,"Yugabyte, Inc.",US,2016#dbdbio>|<dbengines#2017,2022,"Commercial,Open Source",Apache v2.0,yugabyte/yugabyte-db,Y,4.38,93
zerodb,zerodb,,X_Single,Y_auto,ZeroDB,Document,Python,Custom API,,ZeroDB Inc.,US,2015,,"Commercial,Open Source",AGPL v3,zerodb/zerodb,Y,,
zodb,zodb,zodb,Normal,Y_auto,ZODB,Object oriented#dbdbio>|<dbengines#Key-value,Python,Custom API,Shared-Everything,Zope Foundation,US,2002#dbdbio>|<dbengines#2009,2020,Open Source,Zope Public License,zopefoundation/ZODB,Y,1.44,176
zoodb,zoodb,,X_Single,Y_auto,ZooDB,Object oriented,Java,Custom API,,Tilmann Zäschke,CH,2008,,Open Source,GPL v3,tzaeschke/zoodb,Y,,
zookeeper,zookeeper,,X_Single,Y_auto,Zookeeper,Hierarchical,Java,Command-line / Shell,Shared-Nothing,Apache Foundation,US,2008,,Open Source,Apache v2,apache/zookeeper,Y,,
postgresql,,postgresql,Y_Single,Y_auto,PostgreSQL,Relational,,,,PostgreSQL Global Development Group,,1989,2023,,BSD,postgres/postgres,Y,616.5,4
sqlite,,sqlite,Y_Single,Y_auto,SQLite,Relational,,,,Dwayne Richard Hipp,,2000,2023,,Public Domain,sqlite/sqlite,Y,132.67,9
snowflake,,snowflake,Y_Single,Y_auto,Snowflake,Relational,,,,Snowflake Computing Inc.,,2014,,,,twitter-archive/snowflake,N,115.65,12
hive,,hive,Y_Single,Y_auto,Hive,Relational,,,,Apache Software Foundation,,2012,2022,,Apache Version 2,apache/hive,Y,72.12,17
hbase,,hbase,Y_Single,Y_auto,HBase,Wide column,,,,Apache Software Foundation,,2008,2021,,Apache version 2,apache/hbase,Y,38.41,26
postgis,,postgis,Y_Single,Y_auto,PostGIS,Spatial DBMS,,,,,,2005,2022,,GPL v2.0,postgis/postgis,Y,29.81,28
presto,,presto,Y_Single,Y_auto,Presto,Relational,,,,Facebook; Presto Foundation,,2013,,,Apache 2.0,prestodb/presto,Y,14.12,43
opensearch,,opensearch,Y_Single,Y_auto,OpenSearch,Search engine,,,,Amazon Web Services,,2021,2023,,Apache Version 2.0,opensearch-project/OpenSearch,Y,10.49,47
kdb,,kdb,Y_Single,Y_auto,Kdb,Time Series,,,,"Kx Systems, a division of First Derivatives plc",,2000,2018,,free 32-bit version,KxSystems/kdb,N,7.31,56
graphite,,graphite,Y_Single,Y_auto,Graphite,Time Series,,,,Chris Davis,,2006,,,Apache 2.0,graphite-project/graphite-web,Y,6.75,63
virtuoso,,virtuoso,Y_Single,Y_auto,Virtuoso,Document,,,,OpenLink Software,,1998,2022,,"GPLv2, extended commercial license available",openlink/virtuoso-opensource,Y,6.11,69
ingres,,ingres,Y_Single,Y_auto,Ingres,Relational,,,,Actian Corporation,,1974,2017,,,fosslc/Ingres,N,5.94,72
scylladb,,scylladb,Y_Single,Y_auto,ScyllaDB,Wide column,,,,ScyllaDB,,2015,2022,,"Open Source (AGPL), commercial license available",scylladb/scylla,Y,5.63,77
adabas,,adabas,Y_Single,Y_auto,Adabas,Multivalue,,,,Software AG,,1971,,,,jrmarino/AdaBase,N,5.13,81
hypersql,,hypersql,Y_Single,Y_auto,HyperSQL,Relational,,,,,,2001,2022,,based on BSD license,ryenus/hsqldb,Y,4.92,83
timescaledb,,timescaledb,Y_Single,Y_auto,TimescaleDB,Time Series,,,,Timescale,,2017,2022,,Apache 2.0,timescale/timescaledb,Y,4.51,88
oracle-nosql,,oracle-nosql,Y_Single,Y_auto,Oracle NoSQL,Document,,,,Oracle,,2011,2022,,"Proprietary for Enterprise Edition (Oracle Database EE license has Oracle NoSQL database EE covered:,details,)",oracle/nosql-go-sdk,Y,3.7,98
leveldb,,leveldb,Y_Single,Y_auto,LevelDB,Key-value,,,,Google,,2011,2021,,BSD,google/leveldb,Y,3.55,99
rrdtool,,rrdtool,Y_Single,Y_auto,RRDtool,Time Series,,,,Tobias Oetiker,,1999,2022,,GPL V2 and FLOSS,oetiker/rrdtool-1.x,Y,3,110
apache-phoenix,,apache-phoenix,Y_Single,Y_auto,Apache Phoenix,Relational,,,,Apache Software Foundation,,2014,2019,,Apache Version 2.0,apache/phoenix,Y,2.97,112
lmdb,,lmdb,Y_Single,Y_auto,LMDB,Key-value,,,,Symas,,2011,2021,,,LMDB/lmdb,Y,2.86,113
oracle-coherence,,oracle-coherence,Y_Single,Y_auto,Oracle Coherence,Key-value,,,,Oracle,,2007,2016,,,oracle/coherence,N,2.83,115
heavyai,,heavyai,Y_Single,Y_auto,HEAVY.AI,Relational,,,,"HEAVY.AI, Inc.",,2016,,,Apache Version 2; enterprise edition available,heavyai/heavydb,Y,2.68,123
geode,,geode,Y_Single,Y_auto,Geode,Key-value,,,,Originally developed by Gemstone. They outsourced the project to Apache in 2015 but still deliver a commercial version as Gemfire.,,2002,,,Apache Version 2; commercial licenses available as Gemfire,apache/geode,Y,2.52,124
gridgain,,gridgain,Y_Single,Y_auto,GridGain,Key-value,,,,"GridGain Systems, Inc.",,2007,,,,gridgain/gridgain,N,2.41,129
spatialite,,spatialite,Y_Single,Y_auto,SpatiaLite,Spatial DBMS,,,,Alessandro Furieri,,2008,,,"MPL 1.1, GPL v2.0 or LGPL v2.1",illarionov/SpatiaLite,Y,2.25,135
nebulagraph,,nebulagraph,Y_Single,Y_auto,NebulaGraph,Graph,,,,Vesoft Inc.,,2019,,,Apache Version 2.0 + Common Clause 1.0,vesoft-inc/nebula,Y,1.79,154
firebolt,,firebolt,Y_Single,Y_auto,Firebolt,Relational,,,,,,2020,,,,firebolt-db/firebolt-python-sdk,N,1.64,162
sqljs,,sqljs,Y_Single,Y_auto,SQL.JS,Relational,,,,Alon Zakai,,2012,,,,sql-js/sql.js,Y,1.62,165
giraph,,giraph,Y_Single,Y_auto,Giraph,Graph,,,,,,2013,2020,,Apache Version 2,apache/giraph,Y,1.59,169
msql,,msql,Y_Single,Y_auto,mSQL,Relational,,,,Hughes Technologies,,1994,2021,,free licenses can be provided,-,N,1.51,173
gtm,,gtm,Y_Single,Y_auto,GT.M,Key-value,,,,,,1986,2021,,,-,N,1.42,178
opengauss,,opengauss,Y_Single,Y_auto,openGauss,Relational,,,,Huawei and openGauss community,,2019,,,,opengauss-mirror/openGauss-server,Y,1.31,188
perst,,perst,Y_Single,Y_auto,Perst,Object oriented,,,,,,2003,,,commercial license available,The-Alchemist/perst,Y,1.3,189
matisse,,matisse,Y_Single,Y_auto,Matisse,Object oriented,,,,Matisse  Software Inc.,,1986,,,free developer license available,zhihu/Matisse,N,1.27,192
eventstoredb,,eventstoredb,Y_Single,Y_auto,EventStoreDB,Event,,,,Event Store Limited,,2012,,,,EventStore/EventStore,Y,1.27,193
rdf4j,,rdf4j,Y_Single,Y_auto,RDF4J,RDF,,,,"Since 2016 officially forked into an Eclipse project,  former developer was Aduna Software.",,2004,,,"Eclipse Distribution License (EDL), v1.0.",eclipse/rdf4j,Y,1.26,194
xapian,,xapian,Y_Single,Y_auto,Xapian,Search engine,,,,,,1986,,,GPLv2,xapian/xapian,Y,1.19,197
sedna,,sedna,Y_Single,Y_auto,Sedna,Native XML,,,,,,2006,,,Apache Version 2,sedna/sedna,Y,1.13,201
graph-engine,,graph-engine,Y_Single,Y_auto,Graph Engine,Graph,,,,Microsoft,,2010,,,MIT License,microsoft/GraphEngine,Y,1.08,208
scidb,,scidb,Y_Single,Y_auto,SciDB,Multivalue,,,,Paradigm4,,2008,,,,cran/scidb,Y,1.02,216
geomesa,,geomesa,Y_Single,Y_auto,GeoMesa,Spatial DBMS,,,,CCRi and others,,2014,,,Apache License 2.0,geomesa/geomesa-geoserver,Y,0.94,225
tajo,,tajo,Y_Single,Y_auto,Tajo,Relational,,,,Apache Software Foundation,,2012,,,Apache Version 2,apache/tajo,Y,0.71,248
rasdaman,,rasdaman,Y_Single,Y_auto,Rasdaman,Multivalue,,,,,,1998,2019,,extended commercial license available,dioptre/rasdaman,Y,0.71,250
postgres-xl,,postgres-xl,Y_Single,Y_auto,Postgres-XL,Relational,,,,,,2014,2018,,Mozilla public license,Postgres-XL/Postgres-XL,Y,0.71,251
strabon,,strabon,Y_Single,Y_auto,Strabon,RDF,,,,,,2011,,,Mozilla public license,esarbanis/strabon,Y,0.68,253
elassandra,,elassandra,Y_Single,Y_auto,Elassandra,Wide column,,,,,,,,,Apache Version 2.0,strapdata/elassandra,Y,0.63,257
atoti,,atoti,Y_Single,Y_auto,atoti,Object oriented,,,,ActiveViam,,,,,free versions available,atoti/atoti,N,0.62,258
openqm,,openqm,Y_Single,Y_auto,OpenQM,Multivalue,,,,Martin Phillips,,1993,,,"GPLv2, extended commercial license available",gregjurman/openqm,Y,0.59,261
tokyo-tyrant,,tokyo-tyrant,Y_Single,Y_auto,Tokyo Tyrant,Key-value,,,,Mikio  Hirabayashi,,2007,,,GPL,hthetiot/Tokyo-Tyrant,Y,0.58,263
redland,,redland,Y_Single,Y_auto,Redland,RDF,,,,,,2000,,,"Multi License (LGPL, GPLv2, Apache V2)",dajobe/librdf,Y,0.51,277
hugegraph,,hugegraph,Y_Single,Y_auto,HugeGraph,Graph,,,,Baidu,,2018,,,Apache Version 2.0,apache/incubator-hugegraph,Y,0.45,287
marqo,,marqo,Y_Single,Y_auto,Marqo,Search engine,,,,,,2022,,,Apache Version 2.0,marqo-ai/marqo,Y,0.45,288
typesense,,typesense,Y_Single,Y_auto,Typesense,Search engine,,,,,,2015,,,GPL V3,typesense/typesense,Y,0.41,293
tinkergraph,,tinkergraph,Y_Single,Y_auto,TinkerGraph,Graph,,,,,,2009,,,Apache 2.0,apache/tinkerpop,Y,0.38,303
cubicweb,,cubicweb,Y_Single,Y_auto,CubicWeb,RDF,,,,Logilab,,2001,2021,,L-GPL,-,Y,0.38,304
speedb,,speedb,Y_Single,Y_auto,Speedb,Key-value,,,,Speedb,,2020,,,,speedb-io/speedb,N,0.35,313
stsdb,,stsdb,Y_Single,Y_auto,STSdb,Key-value,,,,STS Soft SC,,2011,2015,,"GPLv2, commercial license available",STSSoft/STSdb4,Y,0.33,317
neventstore,,neventstore,Y_Single,Y_auto,NEventStore,Event,,,,,,2011,,,MIT-License,NEventStore/NEventStore,Y,0.33,319
tigris,,tigris,Y_Single,Y_auto,Tigris,Document,,,,"Tigris Data, Inc.",,2022,,,Apache Version 2.0,tigrisdata/tigris,Y,0.3,329
sitewhere,,sitewhere,Y_Single,Y_auto,SiteWhere,Time Series,,,,SiteWhere,,2010,,,Common Public Attribution License Version 1.0,sitewhere/sitewhere,Y,0.27,332
acebase,,acebase,Y_Single,Y_auto,Acebase,Document,,,,,,2018,,,MIT License,appy-one/acebase,Y,0.26,335
dydra,,dydra,Y_Single,Y_auto,Dydra,RDF,,,,,,2010,,,,dydra/dydra,N,0.25,336
hyperleveldb,,hyperleveldb,Y_Single,Y_auto,HyperLevelDB,Key-value,,,,,,2010,,,,rescrv/HyperLevelDB,Y,0.25,337
iboxdb,,iboxdb,Y_Single,Y_auto,iBoxDB,Document,,,,,,2013,,,,iboxdb/ftserver,Y,0.25,337
raptordb,,raptordb,Y_Single,Y_auto,RaptorDB,Document,,,,,,,,,Apache Version 2,-,Y,0.24,343
h2gis,,h2gis,Y_Single,Y_auto,H2GIS,Spatial DBMS,,,,CNRS,,2013,,,LGPL 3.0,orbisgis/h2gis,Y,0.2,351
hawkular-metrics,,hawkular-metrics,Y_Single,Y_auto,Hawkular Metrics,Time Series,,,,Community supported by Red Hat,,2014,,,Apache 2.0,hawkular/hawkular-metrics,Y,0.2,353
siaqodb,,siaqodb,Y_Single,Y_auto,Siaqodb,Object oriented,,,,,,,,,,morecraf/Siaqodb,N,0.19,354
qdrant,,qdrant,Y_Single,Y_auto,Qdrant,Search engine,,,,Qdrant,,2021,,,Apache Version 2.0,qdrant/qdrant,Y,0.18,362
hgraphdb,,hgraphdb,Y_Single,Y_auto,HGraphDB,Graph,,,,,,2016,,,Apache 2.0,rayokota/hgraphdb,Y,0.13,369
badger,,badger,Y_Single,Y_auto,Badger,Key-value,,,,DGraph Labs,,2017,,,Apache 2.0,dgraph-io/badger,Y,0.12,371
kyoto-tycoon,,kyoto-tycoon,Y_Single,Y_auto,Kyoto Tycoon,Key-value,,,,,,2009,,,GPL,AlticeLabsProjects/kyoto,Y,0.06,376
smallsql,,smallsql,Y_Single,Y_auto,SmallSQL,Relational,,,,,,2005,,,L-GPL,CptTZ/SmallSQL,Y,0.04,379
resin-cache,,resin-cache,Y_Single,Y_auto,Resin Cache,Key-value,,,,,,1998,,,"GPLv3, extended commercial license available",dlitz/resin,Y,0.03,382
bergdb,,bergdb,Y_Single,Y_auto,BergDB,Key-value,,,,,,2013,,,Gnu Affero General Public License (AGPL),bergdb/bergdb,Y,0,389
cachelotio,,cachelotio,Y_Single,Y_auto,Cachelot.io,Key-value,,,,,,2015,,,Simplified BSD License,cachelot/cachelot,Y,0,389
jaguardb,,jaguardb,Y_Single,Y_auto,JaguarDB,Key-value,,,,"DataJaguar,  Inc.",,2015,,,GPL V3.0,datajaguar/jaguardb,Y,0,389
newts,,newts,Y_Single,Y_auto,Newts,Time Series,,,,OpenNMS Group,,2014,,,Apache 2.0,OpenNMS/newts,Y,0,389
nsdb,,nsdb,Y_Single,Y_auto,NSDb,Time Series,,,,,,2017,,,Apache Version 2.0,radicalbit/NSDb,Y,0,389
tkrzw,,tkrzw,Y_Single,Y_auto,Tkrzw,Key-value,,,,Mikio Hirabayashi,,2020,,,Apache Version 2.0,estraier/tkrzw,Y,0,389
transwarp-stellardb,,transwarp-stellardb,Y_Single,Y_auto,Transwarp StellarDB,Graph,,,,Transwarp,,,,,,stellardb/StellarDB,N,0,389
percona-server-for-mongodb,,percona-server-for-mongodb,:Y_Single,Y_ConflictResolved,Percona Server for MongoDB,Document,,,,Percona,,2015,2017,,GPL Version 2,percona/percona-server-mongodb,Y,0.56,265
riak-kv,,riak-kv,:Y_Single,Y,Riak KV,Key-value,,,,Basho Technologies,,2009,,,"Apache version 2, commercial enterprise edition",basho/riak_kv,Y,5.14,80
