unique_name,X_DBMS,dbdbio_card_title,Y_DBMS,match_state,manu_labeled_flag,DBMS,category_label,Written in,Query Interface,System Architecture,Developer,Country of Origin,initial_release_year,current_release_year,Project Type,License_info,github_repo_link,open_source_license,Score_Feb-2023,Rank_Feb-2023
4store,4store,4store,4store,Normal,Y_auto,4store,RDF,C,SPARQL,,,GB,2009,,Open Source,GPL v3#dbdbio>|<dbengines#GPLv3,4store/4store,Y,0.76,242
abhot,abhot,abhot,,X_Never,Y_auto,abhot,,Java,,,,CN,2017,,"Academic,Open Source",Apache v2,quqiangsheng/abhot,Y,,
accumulo,accumulo,Accumulo,Accumulo,Normal,Y_auto,accumulo#dbdbio>|<dbengines#Accumulo,Wide column,Java,"Custom API,Command-line / Shell",Shared-Disk,US National Security Agency,US,2008,,Open Source,Apache v2,apache/accumulo,Y,5.75,75
acedb,acedb,AceDB,,X_Never,Y_auto,acedb,,C,,,"Richard M. Durbin, Jean Thierry-Mieg",GB,1989,2018,"Academic,Open Source","GPL v2,LGPL v2",richarddurbin/acedb,Y,,
actordb,actordb,ActorDB,ActorDB,Normal,Y_auto,actordb#dbdbio>|<dbengines#ActorDB,Relational,Erlang,"Custom API,SQL",Shared-Nothing,Biokoda,SI,2014,,"Commercial,Open Source",Mozilla Public License#dbdbio>|<dbengines#Mozilla Public License 2.0,biokoda/actordb,Y,0.23,347
aerospike,aerospike,Aerospike,Aerospike,Normal,Y_auto,aerospike#dbdbio>|<dbengines#Aerospike,Key-value#dbdbio>|<dbengines#Document,C,Custom API,Shared-Nothing,"Aerospike, Inc.#dbdbio>|<dbengines#Aerospike",US,2009#dbdbio>|<dbengines#2012,,"Commercial,Open Source",AGPL v3#dbdbio>|<dbengines#Apache and AGPL Licenses; open sourced in June 2014; commercial Enterprise Edition available,aerospike/aerospike-server,Y,6.56,65
agatedb,agatedb,AgateDB,,X_Never,Y_auto,agatedb,Key-value,Rust,Custom API,Embedded,PingCAP,CN,2019,,"Industrial Research,Open Source",Apache v2,tikv/agatedb,Y,,
agensgraph,agensgraph,AgensGraph,AgensGraph,Normal,Y_auto,agensgraph#dbdbio>|<dbengines#AgensGraph,"Relational,Key-value,Document,Graph#dbdbio>|<dbengines#Graph",C,"SQL,Cypher",Shared-Everything,"Bitnine Co, Ltd.#dbdbio>|<dbengines#Bitnine Global Inc.",US,2013#dbdbio>|<dbengines#2016,2018,"Commercial,Open Source",Apache v2#dbdbio>|<dbengines#Apache License 2.0,bitnine-oss/agensgraph,Y,0.07,375
akdb,akdb,AKDB,,X_Never,Y_auto,akdb,Relational,C,SQL,Shared-Everything,University of Zagreb,HR,2009,,"Academic,Educational,Open Source",,AILab-FOI/akdb,Y,,
akumuli,akumuli,Akumuli,,X_Never,Y_auto,akumuli,,C++,Custom API,,,RU,2013,,Open Source,Apache v2,akumuli/Akumuli,Y,,
akutan,akutan,Akutan,,X_Never,Y_auto,akutan,RDF,Go,Custom API,Shared-Nothing,eBay,US,2019,,"Industrial Research,Open Source",Apache v2,eBay/akutan,Y,,
alasql,alasql,AlaSQL,AlaSQL,Normal,Y_auto,alasql#dbdbio>|<dbengines#AlaSQL,"Relational,Document#dbdbio>|<dbengines#Document",JavaScript,SQL,,Andrey Gershun#dbdbio>|<dbengines#Andrey Gershun & Mathias R. Wulff,RU,2014,,Open Source,MIT#dbdbio>|<dbengines#MIT-License,agershun/alasql#dbdbio>|<dbengines#AlaSQL/alasql,Y,0.71,249
alchemydb,alchemydb,AlchemyDB,,X_Never,Y_auto,alchemydb,Relational,C,SQL,Shared-Everything,Russell Sullivan,US,2010,2012,"Commercial,Open Source",AGPL v3,JakSprats/Alchemy-Database,Y,,
altibase,altibase,Altibase,Altibase,Normal,Y_auto,altibase#dbdbio>|<dbengines#Altibase,Relational,"C,C++",SQL,Shared-Nothing,Altibase Corp.#dbdbio>|<dbengines#Altibase,KR,1999,,"Commercial,Open Source",AGPL v3#dbdbio>|<dbengines#since February 2018,ALTIBASE/altibase,Y,1.53,172
angstromdb,angstromdb,AngstromDB,,X_Never,Y_auto,angstromdb,Key-value,C,,,Amaury Bouchard,FR,2013,2013,"Hobby,Open Source",Apache v2,Amaury/AngstromDB,Y,,
antdb,antdb,AntDB,,X_Never,Y_auto,antdb,"Object oriented,Relational",C,SQL,,AsiaInfo,CN,,,"Commercial,Open Source",Apache v2,ADBSQL/AntDB,Y,,
antidote,antidote,Antidote,,X_Never,Y_auto,antidote,Key-value,Erlang,SQL,,SyncFree European Project,FR,2015,,"Academic,Open Source",Apache v2,AntidoteDB/antidote,Y,,
aodbm,aodbm,AODBM,,X_Never,Y_auto,aodbm,,C,,,Daniel Waterworth,GB,2011,2011,Open Source,LGPL v3,DanielWaterworth/AODBM,Y,,
arakoon,arakoon,Arakoon,,X_Never,Y_auto,arakoon,Key-value,Ocaml,Custom API,Shared-Nothing,Incubaid,BE,2010,2015,Open Source,Apache v2,Incubaid/arakoon,Y,,
arangodb,arangodb,ArangoDB,ArangoDB,Normal,Y_auto,arangodb#dbdbio>|<dbengines#ArangoDB,"Key-value,Document,Graph#dbdbio>|<dbengines#Document",C++,"Custom API,HTTP / REST,Command-line / Shell",Shared-Nothing,ArangoDB GmbH#dbdbio>|<dbengines#ArangoDB Inc.,DE,2011#dbdbio>|<dbengines#2012,,"Commercial,Open Source",Apache v2#dbdbio>|<dbengines#Apache Version 2; Commercial license (Enterprise) available,arangodb/arangodb,Y,5.29,79
arcadedb,arcadedb,ArcadeDB,ArcadeDB,Normal,Y_auto,arcadedb#dbdbio>|<dbengines#ArcadeDB,"Relational,Key-value,Document,Graph#dbdbio>|<dbengines#Document",Java,"SQL,Cypher,HTTP / REST","Shared-Everything,Embedded",Arcade Data Ltd#dbdbio>|<dbengines#Arcade Data,GB,2021,2021,"Commercial,Open Source",Apache v2#dbdbio>|<dbengines#Apache Version 2.0,ArcadeData/arcadedb,Y,0.41,294
ardb,ardb,Ardb,,X_Never,Y_auto,ardb,Key-value,C++,Custom API,,Yinqi Wen,CN,2013,,Open Source,BSD,yinqiwen/ardb,Y,,
aresdb,aresdb,AresDB,,X_Never,Y_auto,aresdb,Relational,"C,C++,Go",Custom API,Shared-Disk,Uber,US,2018,,Open Source,Apache v2,uber/aresdb,Y,,
asami,asami,Asami,,X_Never,Y_auto,asami,Graph,Clojure,Custom API,Shared-Everything,"Cisco, Paula Gearon",US,2018,,"Hobby,Open Source",Eclipse Public License,quoll/asami,Y,,
assassin,assassin,Assassin,,X_Never,Y_auto,assassin,Key-value,JavaScript,Custom API,Shared-Nothing,Ender Minyard,US,2020,,Open Source,MIT,genderev/assassin,Y,,
asterixdb,asterixdb,AsterixDB,,X_Never,Y_auto,asterixdb,Document,Java,Custom API,Shared-Nothing,University of California-Irvine and University of California-Riverside,US,2009,,"Academic,Open Source",Apache v2,apache/asterixdb,Y,,
atlas,atlas,Atlas,,X_Never,Y_auto,atlas,,Scala,Custom API,,Netflix,US,2014,,Open Source,,Netflix/atlas,Y,,
aviondb,aviondb,AvionDB,,X_Never,Y_auto,aviondb,Document,JavaScript,Custom API,Shared-Nothing,DappKit,"US,IN",2020,,"Commercial,Open Source",MIT,dappkit/aviondb,Y,,
bagri,bagri,Bagri,,X_Never,Y_auto,bagri,Document,Java,,,,RU,2014,,Open Source,Apache v2,dsukhoroslov/bagri,Y,,
baikaldb,baikaldb,BaikalDB,,X_Never,Y_auto,baikaldb,Relational,C++,SQL,Shared-Nothing,Baidu,CN,2018,,Open Source,Apache v2,baidu/BaikalDB,Y,,
bangdb,bangdb,BangDB,Bangdb,Normal,Y_auto,bangdb#dbdbio>|<dbengines#Bangdb,Key-value#dbdbio>|<dbengines#Document,C,,"Shared-Everything,Embedded","IQLECT#dbdbio>|<dbengines#Sachin Sinha, BangDB",IN,2015#dbdbio>|<dbengines#2012,,"Commercial,Open Source",BSD#dbdbio>|<dbengines#BSD 3,sachin-sinha/BangDB,Y,0.34,316
basex,basex,BaseX,BaseX,Normal,Y_auto,basex#dbdbio>|<dbengines#BaseX,Document#dbdbio>|<dbengines#Native XML,Java,XQuery,,BaseX GmbH,DE,2007,,"Academic,Open Source",BSD#dbdbio>|<dbengines#BSD license,BaseXdb/basex,Y,1.99,144
bayesdb,bayesdb,BayesDB,,X_Never,Y_auto,bayesdb,,Python,,,Massachusetts Institute of Technology,US,2015,,"Academic,Open Source",Apache v2,probcomp/bayeslite,Y,,
bbolt,bbolt,bbolt,,X_Never,Y_auto,bbolt,Key-value,Go,,,CoreOS,US,2017,,Open Source,MIT,etcd-io/bbolt,Y,,
bboxdb,bboxdb,BBoxDB,,X_Never,Y_auto,bboxdb,Array,Java,"Custom API,Command-line / Shell",Shared-Nothing,Jan Nidzwetzki,DE,2015,,Open Source,Apache v2,jnidzwetzki/bboxdb,Y,,
beagle-sql,beagle-sql,Beagle SQL,,X_Never,Y_auto,beagle-sql,Relational,C++,,,"Robert Klein, Jean-Claude Magras",US,1996,1999,Open Source,,jonahharris/osdb-beaglesql,Y,,
bedrock,bedrock,Bedrock,,X_Never,Y_auto,bedrock,Relational,C++,"SQL,Command-line / Shell","Shared-Disk,Embedded",Expensify,US,2016,,Open Source,LGPL v3,Expensify/Bedrock,Y,,
beringei,beringei,Beringei,,X_Never,Y_auto,beringei,Key-value,C++,Custom API,Shared-Nothing,Facebook,US,2015,,Open Source,BSD,facebookarchive/beringei,Y,,
berkeley-db,berkeley-db,Berkeley DB,Oracle Berkeley DB,Fuzzy:Normal,Y,berkeley-db#dbdbio>|<dbengines#Oracle Berkeley DB,"Key-value,Document#dbdbio>|<dbengines#Key-value",,"Custom API,SQL,PL/SQL",Embedded,Sleepycat Software#dbdbio>|<dbengines#Oracle,US,1994,2020,"Commercial,Open Source","AGPL v3,Apache v2#dbdbio>|<dbengines#commercial license available",berkeleydb/libdb,Y,3.24,102
beryldb,beryldb,BerylDB,,X_Never,Y_auto,beryldb,Key-value,C++,Custom API,,Beryl Labs,CL,2021,,"Hobby,Open Source",BSD,beryldb/beryldb,Y,,
bigchaindb,bigchaindb,BigchainDB,BigchainDB,Normal,Y_auto,bigchaindb#dbdbio>|<dbengines#BigchainDB,"Key-value,Document#dbdbio>|<dbengines#Document",Python,HTTP / REST,Shared-Nothing,BigchainDB GmbH,DE,2015#dbdbio>|<dbengines#2016,,"Commercial,Open Source",Apache v2#dbdbio>|<dbengines#AGPL v3,bigchaindb/bigchaindb,Y,0.94,224
binaryrage,binaryrage,BinaryRage,,X_Never,Y_auto,binaryrage,Key-value,C#,Custom API,Embedded,Michael Christensen,DK,2012,,"Hobby,Open Source",,mchidk/BinaryRage,Y,,
bitcask,bitcask,Bitcask,,X_Never,Y_auto,bitcask,Key-value,Go,Custom API,Embedded,James Mills,AU,2019,,Open Source,MIT,prologic/bitcask,Y,,
bitsy,bitsy,Bitsy,,X_Never,Y_auto,bitsy,Graph,Java,Gremlin,Embedded,LambdaZen LLC,US,2013,,Open Source,Apache v2,lambdazen/bitsy,Y,,
blazegraph,blazegraph,Blazegraph,Blazegraph,Normal,Y_auto,blazegraph#dbdbio>|<dbengines#Blazegraph,"Graph,RDF#dbdbio>|<dbengines#Graph",Java,SPARQL,Shared-Nothing,"SYSTAP, LLC.#dbdbio>|<dbengines#Blazegraph",US,2006,,"Commercial,Open Source",GPL v2#dbdbio>|<dbengines#extended commercial license available,blazegraph/database,Y,1.18,198
blazingsql,blazingsql,BlazingSQL,,X_Never,Y_auto,blazingsql,Relational,C++,SQL,Shared-Nothing,BlazingDB,PE,2015,,"Commercial,Open Source","Apache v2,,,Proprietary",blazingdb/pyBlazing,Y,,
blinkdb,blinkdb,BlinkDB,,X_Never,Y_auto,blinkdb,Relational,,SQL,Shared-Disk,"University of California-Berkeley, Massachusetts Institute of Technology",US,2012,,"Academic,Open Source",Apache v2,sameeragarwal/blinkdb,Y,,
blueflood,blueflood,Blueflood,Blueflood,Normal,Y_auto,blueflood#dbdbio>|<dbengines#Blueflood,Time Series,Java,,,Rackspace,US,2013,,Open Source,Apache v2#dbdbio>|<dbengines#Apache 2.0,rackerlabs/blueflood,Y,0.21,350
bojack,bojack,BoJack,,X_Never,Y_auto,bojack,Key-value,Crystal,Command-line / Shell,Shared-Everything,Marcelo Boeira,DE,2016,,Open Source,MIT,marceloboeira/bojack,Y,,
boltdb,boltdb,BoltDB,BoltDB,Normal,Y_auto,boltdb#dbdbio>|<dbengines#BoltDB,Key-value,Go,Custom API,Embedded,Ben Johnson,US,2013,,Open Source,MIT#dbdbio>|<dbengines#MIT License,boltdb/bolt#dbdbio>|<dbengines#etcd-io/bbolt,Y,0.87,233
bonsaidb,bonsaidb,BonsaiDb,,X_Never,Y_auto,bonsaidb,Key-value,Rust,,"Shared-Everything,Embedded",Khonsu Labs,US,2021,,Open Source,"Apache v2,,,MIT",khonsulabs/bonsaidb,Y,,
brightstardb,brightstardb,BrightstarDB,BrightstarDB,Normal,Y_auto,brightstardb#dbdbio>|<dbengines#BrightstarDB,RDF,C#,,,,GB,2012,,Open Source,MIT,BrightstarDB/BrightstarDB,Y,0.27,331
btdb,btdb,BTDB,,X_Never,Y_auto,btdb,"Key-value,Object oriented",C#,Custom API,,Boris Letocha,CZ,2010,,Open Source,MIT,Bobris/BTDB,Y,,
btrdb,btrdb,BTrDB,,X_Never,Y_auto,btrdb,Relational,Go,,Shared-Disk,"University of California, Berkeley",US,2014,,"Academic,Open Source",GPL v3,BTrDB/btrdb-server,Y,,
bugfruit,bugfruit,bugfruit,,X_Never,Y_auto,bugfruit,Key-value,Go,Custom API,Embedded,Reese Porter,US,2022,,"Hobby,Open Source",BSD,reesporte/bugfruit,Y,,
buntdb,buntdb,BuntDB,,X_Never,Y_auto,buntdb,Key-value,Go,,Embedded,Josh Baker,US,2016,,Open Source,MIT,tidwall/buntdb,Y,,
bustub,bustub,BusTub,,X_Never,Y_auto,bustub,Relational,C++,SQL,,Carnegie Mellon University,US,2019,,"Academic,Educational,Open Source",MIT,cmu-db/bustub,Y,,
calvin,calvin,Calvin,,X_Never,Y_auto,calvin,Relational,C++,,,Yale University,US,2012,,"Academic,Open Source",,yaledb/calvin,Y,,
caskdb,caskdb,CaskDB,,X_Never,Y_auto,caskdb,Key-value,Python,,Embedded,Avinash Sajjanshetty,IN,2022,,"Educational,Open Source",MIT,avinassh/py-caskdb,Y,,
cassandra,cassandra,Cassandra,Cassandra,Normal,Y_auto,cassandra#dbdbio>|<dbengines#Cassandra,"Wide column,Key-value#dbdbio>|<dbengines#Wide column",Java,Custom API,Shared-Nothing,Apache Software Foundation,US,2008,2022,Open Source,Apache v2#dbdbio>|<dbengines#Apache version 2,apache/cassandra,Y,116.22,11
castledb,castledb,CastleDB,,X_Never,Y_auto,castledb,Document,Haxe,HTTP / REST,,Nicolas Cannasse,FR,2012,,Open Source,ISC License,ncannasse/castle,Y,,
cayley,cayley,Cayley,,X_Never,Y_auto,cayley,RDF,Go,"GraphQL,Gremlin",,Google,US,2014,,Open Source,Apache v2,cayleygraph/cayley,Y,,
ceresdb,ceresdb,CeresDB,,X_Never,Y_auto,ceresdb,Relational,Rust,"SQL,HTTP / REST",,,CN,2021,,Open Source,Apache v2,CeresDB/ceresdb,Y,,
chaozzdb,chaozzdb,chaozzDB,,X_Never,Y_auto,chaozzdb,,PHP,SQL,Embedded,Elmar Wenners,NL,2008,,"Hobby,Open Source",Creative Commons License,chaozznl/chaozzDB,Y,,
chronicle-map,chronicle-map,Chronicle Map,,X_Never,Y_auto,chronicle-map,Key-value,Java,,,Chronicle Software,GB,2014,,"Commercial,Open Source",LGPL v3,OpenHFT/Chronicle-Map,Y,,
chronix,chronix,Chronix,,X_Never,Y_auto,chronix,,Java,Custom API,,QAware,DE,2015,,"Commercial,Open Source",Apache v2,ChronixDB/chronix.server,Y,,
citus,citus,Citus,Citus,Normal,Y_auto,citus#dbdbio>|<dbengines#Citus,Relational,C,SQL,Shared-Nothing,Citus Data,"US,TR",2010,2018,"Commercial,Open Source","AGPL v3#dbdbio>|<dbengines#AGPL, commercial license also available",citusdata/citus,Y,3.12,105
clickhouse,clickhouse,ClickHouse,ClickHouse,Normal,Y_auto,clickhouse#dbdbio>|<dbengines#ClickHouse,Relational,C++,"Custom API,SQL,HTTP / REST,Command-line / Shell",Shared-Nothing,Yandex#dbdbio>|<dbengines#Clickhouse Inc.,RU,2016,2023,"Commercial,Open Source",Apache v2#dbdbio>|<dbengines#Apache 2.0,ClickHouse/ClickHouse,Y,13.99,44
cloudkit,cloudkit,CloudKit,CloudKit,Normal,Y_auto,cloudkit#dbdbio>|<dbengines#CloudKit,Document,,,,,US,2008#dbdbio>|<dbengines#2016,,Open Source,MIT,jcrosby/cloudkit,Y#dbdbio>|<dbengines#N,3.07,106
cnosdb,cnosdb,CnosDB,,X_Never,Y_auto,cnosdb,Relational,Rust,SQL,Shared-Disk,CnosDB,CN,2021,,"Commercial,Open Source",AGPL v3,cnosdb/cnosdb,Y,,
cockroachdb,cockroachdb,CockroachDB,CockroachDB,Normal,Y_auto,cockroachdb#dbdbio>|<dbengines#CockroachDB,Relational,Go,SQL,Shared-Nothing,Cockroach Labs,US,2014#dbdbio>|<dbengines#2015,2021,"Commercial,Open Source","Business Source License#dbdbio>|<dbengines#Apache 2.0, commercial license available",cockroachdb/cockroach,Y,7.27,57
cogdb,cogdb,CogDB,,X_Never,Y_auto,cogdb,RDF,Python,Custom API,Embedded,Arun Mahendra,CA,2017,,"Hobby,Open Source",MIT,arun1729/cog,Y,,
column,column,Column,,X_Never,Y_auto,column,Relational,Go,Custom API,Embedded,Roman Atachiants,AE,2021,,"Hobby,Open Source",MIT,kelindar/column,Y,,
comdb2,comdb2,Comdb2,Comdb2,Normal,Y_auto,comdb2#dbdbio>|<dbengines#Comdb2,Relational,C,SQL,,Bloomberg#dbdbio>|<dbengines#Bloomberg Finance L.P.,US,2004,,Open Source,Apache v2#dbdbio>|<dbengines#Apache 2.0,bloomberg/comdb2,Y,0.55,270
compass,compass,Compass,,X_Never,Y_auto,compass,"Document,Object oriented",Java,Custom API,Shared-Memory,Shay Banon,GB,2006,,Open Source,Apache v2,kimchy/compass,Y,,
computedb,computedb,ComputeDB,Tibco ComputeDB,Fuzzy:Normal,Y,computedb#dbdbio>|<dbengines#Tibco ComputeDB,Relational,Java,SQL,,Tibco,US,2015,,"Commercial,Open Source",Apache v2#dbdbio>|<dbengines#Apache 2.0,SnappyDataInc/snappydata#dbdbio>|<dbengines#-,Y,0.26,333
concourse,concourse,Concourse,,X_Never,Y_auto,concourse,Document,Java,Custom API,,Cinchapi Inc.,US,2012,,"Commercial,Open Source",Apache v2,cinchapi/concourse,Y,,
condensation,condensation,Condensation,,X_Never,Y_auto,condensation,Object oriented,Java,Custom API,,,CH,2020,,Open Source,Apache v2,CondensationDB/Condensation-java,Y,,
consus,consus,Consus,,X_Never,Y_auto,consus,Key-value,C++,,,Cornell University,US,2015,,"Academic,Open Source",BSD,rescrv/Consus,Y,,
coreobject,coreobject,CoreObject,,X_Never,Y_auto,coreobject,Object oriented,Objective-C,Custom API,,Étoilé Project,FR,2007,,"Academic,Open Source",MIT,etoile/CoreObject,Y,,
couchbase,couchbase,Couchbase,Couchbase,Normal,Y_auto,couchbase#dbdbio>|<dbengines#Couchbase,"Key-value,Document#dbdbio>|<dbengines#Document","C,C++,Erlang,Go",Custom API,Shared-Nothing,"Couchbase, Inc.",US,2010#dbdbio>|<dbengines#2011,2021,"Commercial,Open Source",Apache v2#dbdbio>|<dbengines#Apache version 2; Commercial licenses also available,couchbase/manifest#dbdbio>|<dbengines#couchbase/couchbase-lite-ios,Y,24.86,30
couchdb,couchdb,CouchDB,CouchDB,Normal,Y_auto,couchdb#dbdbio>|<dbengines#CouchDB,Document,Erlang,HTTP / REST,Shared-Nothing,Damien Katz#dbdbio>|<dbengines#Apache Software Foundation,US,2005,2023,Open Source,Apache v2#dbdbio>|<dbengines#Apache version 2,apache/couchdb,Y,14.45,42
covenantsql,covenantsql,CovenantSQL,CovenantSQL,Normal,Y_auto,covenantsql#dbdbio>|<dbengines#CovenantSQL,Relational,Go,SQL,Shared-Nothing,Covenant Labs,CN,2018,,"Commercial,Open Source",Apache v2,CovenantSQL/CovenantSQL,Y,0.0,389
cozo,cozo,Cozo,,X_Never,Y_auto,cozo,Relational,Rust,Datalog,Embedded,Ziyang Hu,GB,2022,,"Hobby,Open Source",Mozilla Public License,cozodb/cozo,Y,,
cqlite,cqlite,CQLite,,X_Never,Y_auto,cqlite,Graph,Rust,Cypher,Embedded,Tilman Roeder,GB,2021,,"Hobby,Open Source",MIT,dyedgreen/cqlite,Y,,
cratedb,cratedb,CrateDB,CrateDB,Normal,Y_auto,cratedb#dbdbio>|<dbengines#CrateDB,Document,Java,"SQL,HTTP / REST,Command-line / Shell",Shared-Nothing,Crate.io#dbdbio>|<dbengines#Crate,AT,2014#dbdbio>|<dbengines#2013,,"Commercial,Open Source",Apache v2,crate/crate,Y,0.91,227
cubrid,cubrid,Cubrid,Cubrid,Normal,Y_auto,cubrid#dbdbio>|<dbengines#Cubrid,Relational,C,"Custom API,SQL,Stored Procedures,Command-line / Shell",Shared-Nothing,"Naver Corporation#dbdbio>|<dbengines#CUBRID Corporation, CUBRID Foundation",KR,2008,,Open Source,"BSD,GPL v2#dbdbio>|<dbengines#Apache Version 2.0",CUBRID/cubrid,Y,1.59,168
curiodb,curiodb,CurioDB,,X_Never,Y_auto,curiodb,,Scala,Custom API,Shared-Nothing,Stephen McDonald,AU,2015,,Open Source,BSD,stephenmcd/curiodb,Y,,
databend,databend,Databend,,X_Never,Y_auto,databend,,Rust,SQL,Shared-Disk,Datafuse Labs,CN,2020,,"Commercial,Open Source",Apache v2,datafuselabs/databend,Y,,
datafusion,datafusion,DataFusion,,X_Never,Y_auto,datafusion,,Rust,SQL,Shared-Everything,,US,2016,,Open Source,Apache v2,apache/arrow-datafusion,Y,,
datahike,datahike,Datahike,,X_Never,Y_auto,datahike,,Clojure,Datalog,Shared-Everything,lambdaforge UG,DE,2018,,Open Source,Eclipse Public License,replikativ/datahike,Y,,
datascript,datascript,DataScript,,X_Never,Y_auto,datascript,,Clojure,Datalog,,Nikita Prokopov,RU,2014,,Open Source,Eclipse Public License,tonsky/datascript,Y,,
db4o,db4o,db4o,Db4o,Normal,Y_auto,db4o#dbdbio>|<dbengines#Db4o,Object oriented,,,Embedded,db4objects Inc.,US,2000#dbdbio>|<dbengines#2001,,"Commercial,Open Source","GPL v2,Proprietary#dbdbio>|<dbengines#commercial license available for existing customers only",pegurnee/db4o#dbdbio>|<dbengines#iboxdb/db4o-gpl,Y,2.08,139
dbreeze,dbreeze,DBreeze,,X_Never,Y_auto,dbreeze,,C#,Custom API,,Alexey Solovyov,DE,2012,,Open Source,BSD,hhblaze/DBreeze,Y,,
dbx1000,dbx1000,DBx1000,,X_Never,Y_auto,dbx1000,,"Assembly,C++",,Shared-Everything,"Massachusetts Institute of Technology, Carnegie Mellon University",US,2014,,"Academic,Open Source",ISC License,yxymit/DBx1000,Y,,
deepdb,deepdb,DeepDB,,X_Never,Y_auto,deepdb,,C++,SQL,Shared-Everything,"Deep Information Sciences, Inc.",US,2010,,"Commercial,Open Source","AGPL v3,,,Proprietary",DeepFound/deep_engine,Y,,
degdb,degdb,DegDB,,X_Never,Y_auto,degdb,,Go,,,Tristan Rice,CA,2015,,Open Source,MIT,degdb/degdb,Y,,
delta-lake,delta-lake,Delta Lake,,X_Never,Y_auto,delta-lake,,Scala,,Shared-Disk,DataBricks,US,2019,,"Commercial,Open Source",Apache v2,delta-io/delta,Y,,
densodb,densodb,DensoDB,,X_Never,Y_auto,densodb,,C#,,,Paolo Possanzini,IT,2012,,Open Source,,teamdev/densodb,Y,,
derby,derby,Derby,Derby,Normal,Y_auto,derby#dbdbio>|<dbengines#Derby,Relational,Java,SQL,Embedded,Cloudscape Inc.#dbdbio>|<dbengines#Apache Software Foundation,US,1997,,Open Source,Apache v2#dbdbio>|<dbengines#Apache version 2,apache/derby,Y,6.14,68
dgraph,dgraph,DGraph,Dgraph,Normal,Y_auto,dgraph#dbdbio>|<dbengines#Dgraph,Graph,Go,GraphQL,Shared-Nothing,"DGraph Labs, Inc#dbdbio>|<dbengines#Dgraph Labs, Inc.",US,2015#dbdbio>|<dbengines#2016,,"Commercial,Open Source",Apache v2#dbdbio>|<dbengines#Apache 2.0,dgraph-io/dgraph,Y,1.86,153
dolt,dolt,Dolt,Dolt,Normal,Y_auto,dolt#dbdbio>|<dbengines#Dolt,Relational,Go,"Custom API,SQL,Command-line / Shell","Shared-Everything,Embedded",DoltHub Inc,US,2018,,Open Source,Apache v2#dbdbio>|<dbengines#Apache Version 2.0,dolthub/dolt,Y,1.11,203
doris,doris,Doris,Apache Doris,Fuzzy:Normal,Y,doris#dbdbio>|<dbengines#Apache Doris,Relational,C++,SQL,,"Baidu#dbdbio>|<dbengines#Apache Software Foundation, originally contributed from Baidu",CN,2017,2021,Open Source,Apache v2#dbdbio>|<dbengines#Apache Version 2.0,apache/incubator-doris#dbdbio>|<dbengines#apache/doris,Y,0.75,245
doxa,doxa,Doxa,,X_Never,Y_auto,doxa,Document,Clojure,Custom API,,Rafal Krzywaznia,PL,2021,,"Hobby,Open Source",Public Domain,ribelo/doxa,Y,,
dqlite,dqlite,Dqlite,,X_Never,Y_auto,dqlite,Relational,C,SQL,,Canonical,,2017,,Open Source,Apache v2,canonical/dqlite,Y,,
dragonfly,dragonfly,Dragonfly,,X_Never,Y_auto,dragonfly,Key-value,C++,,,Attos Technologies Ltd.,IL,2021,,"Commercial,Open Source",Business Source License,dragonflydb/dragonfly,Y,,
dremio,dremio,Dremio,,X_Never,Y_auto,dremio,Relational,Java,SQL,,Dremio,US,2015,,"Commercial,Open Source",Apache v2,dremio/dremio-oss,Y,,
drill,drill,Drill,Apache Drill,Fuzzy:Normal,Y,drill#dbdbio>|<dbengines#Apache Drill,Wide column#dbdbio>|<dbengines#Document,Java,"SQL,HTTP / REST",,Apache Foundation#dbdbio>|<dbengines#Apache Software Foundation,US,2012,2023,Open Source,Apache v2#dbdbio>|<dbengines#Apache Version 2,apache/drill,Y,3.19,103
druid,druid,Druid,Apache Druid,Fuzzy:Normal,Y,druid#dbdbio>|<dbengines#Apache Druid,Wide column#dbdbio>|<dbengines#Relational,Java,"Custom API,SQL,HTTP / REST",,Metamarkets#dbdbio>|<dbengines#Apache Software Foundation and contributors,US,2011#dbdbio>|<dbengines#2012,,Open Source,Apache v2#dbdbio>|<dbengines#Apache license v2,apache/druid,Y,2.49,125
duckdb,duckdb,DuckDB,DuckDB,Normal,Y_auto,duckdb#dbdbio>|<dbengines#DuckDB,Relational,C++,,,CWI,NL,2018,,"Academic,Open Source",MIT#dbdbio>|<dbengines#MIT License,cwida/duckdb#dbdbio>|<dbengines#duckdb/duckdb,Y,2.01,143
ductiledb,ductiledb,DuctileDB,,X_Never,Y_auto,ductiledb,Graph,Java,Gremlin,,PureSol Technologies,DE,2015,,Open Source,Apache v2,PureSolTechnologies/DuctileDB,Y,,
dynomitedb,dynomitedb,DynomiteDB,,X_Never,Y_auto,dynomitedb,,C,,,Netflix,US,2012,,Open Source,Apache v2,Netflix/dynomite,Y,,
earthstar,earthstar,Earthstar,,X_Never,Y_auto,earthstar,Document,TypeScript,Custom API,,Earthstar Project,US,2020,,"Academic,Open Source",LGPL v3,earthstar-project/earthstar,Y,,
easedb,easedb,EaseDB,,X_Never,Y_auto,easedb,Document,Ruby,HTTP / REST,,Alexander Shakhmatov,RU,2013,,Open Source,MIT,X2rdas/easedb,Y,,
echodb,echodb,EchoDB,,X_Never,Y_auto,echodb,Key-value,Rust,Custom API,,SurrealDB Ltd.,GB,2021,,Open Source,Apache v2,surrealdb/echodb,Y,,
edgedb,edgedb,EdgeDB,,X_Never,Y_auto,edgedb,Object oriented,,"Custom API,SQL,GraphQL",,MagicStack,CA,2018,,Open Source,Apache v2,edgedb/edgedb,Y,,
edgelessdb,edgelessdb,EdgelessDB,EdgelessDB,Normal,Y_auto,edgelessdb#dbdbio>|<dbengines#EdgelessDB,Relational,,SQL,,Edgeless Systems,DE,2021,,"Commercial,Open Source",GPL v2#dbdbio>|<dbengines#GPL V2,edgelesssys/edgelessdb,Y,0.0,389
edis,edis,Edis,,X_Never,Y_auto,edis,Key-value,Erlang,,,Chad DePue,US,2010,,Open Source,,cbd/edis,Y,,
ehcache,ehcache,Ehcache,Ehcache,Normal,Y_auto,ehcache#dbdbio>|<dbengines#Ehcache,Key-value,Java,Custom API,,"Terracotta, Inc.#dbdbio>|<dbengines#Terracotta Inc, owned by Software AG",US,2003#dbdbio>|<dbengines#2009,,Open Source,Apache v2#dbdbio>|<dbengines#Apache Version 2; commercial licenses available,ehcache/ehcache3,Y,6.04,70
einsteindb,einsteindb,EinsteinDB,,X_Never,Y_auto,einsteindb,Key-value,Rust,,,Whtcorps Inc.,US,2019,,Open Source,,YosiSF/EinsteinDB,Y,,
ejdb,ejdb,EJDB,EJDB,Normal,Y_auto,ejdb#dbdbio>|<dbengines#EJDB,"Key-value,Document#dbdbio>|<dbengines#Document",C,,,Softmotions,RU,2012,,Open Source,GPLv2,Softmotions/ejdb,Y,0.5,280
elara-db,elara-db,Elara DB,,X_Never,Y_auto,elara-db,Key-value,Python,,,Saurabh Pujari,IN,2021,,"Hobby,Open Source",,saurabh0719/elara,Y,,
elasql,elasql,ElaSQL,,X_Never,Y_auto,elasql,Relational,Java,,,National Tsing Hua University,TW,2016,,"Academic,Open Source",,elasql/elasql,Y,,
elasticsearch,elasticsearch,Elasticsearch,Elasticsearch,Normal,Y_auto,elasticsearch#dbdbio>|<dbengines#Elasticsearch,Document#dbdbio>|<dbengines#Search engine,Java,,,Elasticsearch BV#dbdbio>|<dbengines#Elastic,US,2004#dbdbio>|<dbengines#2010,2020,Open Source,Elastic License,elastic/elasticsearch,Y,138.6,8
elephantdb,elephantdb,ElephantDB,,X_Never,Y_auto,elephantdb,Key-value,Clojure,,,Nathan Marz,US,2011,,Open Source,,nathanmarz/elephantdb,Y,,
elevator,elevator,Elevator,,X_Never,Y_auto,elevator,Key-value,,,,Théo Crevon,DE,2012,,Open Source,,oleiade/Elevator,Y,,
eliasdb,eliasdb,EliasDB,,X_Never,Y_auto,eliasdb,Graph,Go,,,Matthias Ladkau,GB,2016,,Open Source,,krotik/eliasdb,Y,,
elliptics,elliptics,Elliptics,Elliptics,Normal,Y_auto,elliptics#dbdbio>|<dbengines#Elliptics,Key-value,"C++,Python",,,Reverbrain,RU,2009,,"Commercial,Open Source",,reverbrain/elliptics,Y,0.3,328
embeddinghub,embeddinghub,Embeddinghub,,X_Never,Y_auto,embeddinghub,Array,Go,,,Featureform,US,2020,,"Commercial,Open Source",,featureform/embeddinghub,Y,,
engula,engula,Engula,,X_Never,Y_auto,engula,Key-value,Rust,,,Huachao Huang,CN,2022,,"Hobby,Open Source",,engula/engula,Y,,
ennodb,ennodb,EnnoDB,,X_Never,Y_auto,ennodb,Key-value,C,,,Enno Rehling,NO,2012,,"Hobby,Open Source",,badgerman/ennodb,Y,,
etcd,etcd,etcd,etcd,Normal,Y_auto,etcd,Key-value,Go,,,CoreOS,US,2013,2019,Open Source,Apache Version 2.0,coreos/etcd#dbdbio>|<dbengines#etcd-io/etcd,Y,8.51,52
euclidesdb,euclidesdb,EuclidesDB,,X_Never,Y_auto,euclidesdb,Array,C++,,,Christian S. Perone,PT,2018,,Open Source,,perone/euclidesdb,Y,,
evcache,evcache,EVCache,,X_Never,Y_auto,evcache,Key-value,,,,Netflix,US,2012,,Open Source,,Netflix/EVCache,Y,,
event-store,event-store,Event Store,,X_Never,Y_auto,event-store,,"C#,C++,JavaScript",,,Event Store LLP,GB,2012,,"Commercial,Open Source",,EventStore/EventStore,Y,,
eventql,eventql,EventQL,,X_Never,Y_auto,eventql,Relational,C++,,,DeepCortex GmbH,"DE,NL",2014,,"Commercial,Open Source",,eventql/eventql,Y,,
exist-db,exist-db,eXist-db,eXist-db,Normal,Y_auto,exist-db#dbdbio>|<dbengines#eXist-db,Document#dbdbio>|<dbengines#Native XML,Java,,,eXist Solutions GmbH,DE,2000,,"Commercial,Open Source",L-GPL,eXist-db/exist,Y,1.12,202
extensible-storage-engine,extensible-storage-engine,Extensible Storage Engine,,X_Never,Y_auto,extensible-storage-engine,Key-value,C++,,,Microsoft,US,1994,,"Commercial,Open Source",,microsoft/Extensible-Storage-Engine,Y,,
eyros,eyros,eyros,,X_Never,Y_auto,eyros,Array,Rust,Custom API,Embedded,bits.coop,US,2018,,Open Source,Parity Public License,peermaps/eyros,Y,,
fallen-8,fallen-8,Fallen-8,,X_Never,Y_auto,fallen-8,Graph,C#,HTTP / REST,,Henning Rauch,DE,2011,,"Hobby,Open Source",MIT,cosh/fallen-8,Y,,
faster,faster,FASTER,,X_Never,Y_auto,faster,Key-value,"C#,C++",Custom API,Embedded,Microsoft,US,2018,,"Commercial,Open Source",MIT,microsoft/FASTER,Y,,
featurebase,featurebase,FeatureBase,FeatureBase,Normal,Y_auto,featurebase#dbdbio>|<dbengines#FeatureBase,Relational,Go,"Custom API,SQL,HTTP / REST,Command-line / Shell",Shared-Nothing,Molecula#dbdbio>|<dbengines#Molecula and Pilosa Open Source Contributors,US,2017,2022,Open Source,Apache v2,featurebasedb/featurebase,Y#dbdbio>|<dbengines#N,0.42,292
ferretdb,ferretdb,FerretDB,,X_Never,Y_auto,ferretdb,Document,Go,Custom API,Shared-Everything,FerretDB Inc.,US,2021,,Open Source,,FerretDB/FerretDB,Y,,
filedb,filedb,FileDB,,X_Never,Y_auto,filedb,Key-value,C#,,,Mauricio David,BR,2015,,"Hobby,Open Source",MIT,mbdavid/FileDB,Y,,
filodb,filodb,FiloDB,,X_Never,Y_auto,filodb,,Scala,PromQL,,Evan Chan,US,2015,,Open Source,Apache v2,filodb/FiloDB,Y,,
firebird,firebird,Firebird,Firebird,Normal,Y_auto,firebird#dbdbio>|<dbengines#Firebird,Relational,"C,C++","Custom API,SQL,Stored Procedures,Command-line / Shell",Shared-Everything,Borland#dbdbio>|<dbengines#Firebird Foundation,US,2000,2022,Open Source,Mozilla Public License#dbdbio>|<dbengines#Initial Developer's Public License,FirebirdSQL/firebird,Y,22.6,32
flashdb,flashdb,FlashDB,,X_Never,Y_auto,flashdb,Key-value,C,Custom API,Embedded,Armink,CN,2020,,"Hobby,Open Source",Apache v2,armink/FlashDB,Y,,
fleetdb,fleetdb,FleetDB,,X_Never,Y_auto,fleetdb,Document,Clojure,Custom API,,Mark McGranaghan,US,2009,,"Academic,Open Source",MIT,mmcgrana/fleetdb,Y,,
flockdb,flockdb,FlockDB,FlockDB,Normal,Y_auto,flockdb#dbdbio>|<dbengines#FlockDB,Graph,Scala,,,Twitter,US,2010,2012,Open Source,Apache v2#dbdbio>|<dbengines#Apache Version 2,twitter-archive/flockdb,Y,0.5,282
fluree,fluree,Fluree,Fluree,Normal,Y_auto,fluree#dbdbio>|<dbengines#Fluree,"Relational,Document,Graph,RDF#dbdbio>|<dbengines#Graph",Clojure,"Custom API,SQL,GraphQL,SPARQL,HTTP / REST",,"Fluree, PBC",US,2017#dbdbio>|<dbengines#2018,,"Commercial,Open Source",AGPL v3#dbdbio>|<dbengines#open-sourced in October 2020,fluree/db,Y,0.39,301
fongo,fongo,Fongo,,X_Never,Y_auto,fongo,Document,Java,Custom API,Shared-Everything,Foursquare,US,2012,,Open Source,Apache v2,fakemongo/fongo,Y,,
forestdb,forestdb,ForestDB,,X_Never,Y_auto,forestdb,Key-value,C++,Custom API,Embedded,"Couchbase, Inc.",US,2013,,Open Source,Apache v2,couchbase/forestdb,Y,,
foundationdb,foundationdb,FoundationDB,FoundationDB,Normal,Y_auto,foundationdb#dbdbio>|<dbengines#FoundationDB,Key-value#dbdbio>|<dbengines#Document,C++,Custom API,Shared-Nothing,FoundationDB,US,2009#dbdbio>|<dbengines#2013,,Open Source,Apache v2#dbdbio>|<dbengines#Apache 2.0,apple/foundationdb,Y,1.6,167
frostdb,frostdb,FrostDB,,X_Never,Y_auto,frostdb,Wide column,Go,Custom API,Embedded,Polar Signals,US,2022,,Open Source,Apache v2,polarsignals/frostdb,Y,,
fueldb,fueldb,FuelDB,,X_Never,Y_auto,fueldb,Document,Java,,,Joris Basiglio,FR,2014,,Open Source,MIT,unnamed38/fueldb,Y,,
gaffer,gaffer,Gaffer,,X_Never,Y_auto,gaffer,Graph,Java,,,Government Communications Headquarters,GB,2016,,Open Source,Apache v2,gchq/Gaffer,Y,,
gaia,gaia,Gaia,,X_Never,Y_auto,gaia,Object oriented,C++,,,GAIA,US,,,"Commercial,Open Source",MIT,gaia-platform/GaiaPlatform,Y,,
genji,genji,Genji,,X_Never,Y_auto,genji,Document,Go,,,Asdine El Hrychy,AE,2018,,Open Source,,genjidb/genji,Y,,
ghostdb,ghostdb,GhostDB,,X_Never,Y_auto,ghostdb,Key-value,Go,,,Jake Grogan,IE,2020,,Open Source,BSD,jakekgrog/GhostDB,Y,,
goshawkdb,goshawkdb,GoshawkDB,,X_Never,Y_auto,goshawkdb,,,,,Matthew Sackman,GB,,,"Commercial,Open Source",AGPL v3,goshawkdb/server,Y,,
graphik,graphik,Graphik,,X_Never,Y_auto,graphik,Document,Go,,,Coleman Word,US,2020,,"Hobby,Open Source",Apache v2,graphikDB/graphik,Y,,
graviton,graviton,Graviton,,X_Never,Y_auto,graviton,Key-value,Go,,,DERO Foundation,FR,2020,,Open Source,GPL v3,deroproject/graviton,Y,,
greatsql,greatsql,GreatSQL,,X_Never,Y_auto,greatsql,Relational,C++,,,"Beijing Wanli Open Source Software Co., Ltd.",CN,2020,,"Commercial,Open Source",GPL v2,GreatSQL/GreatSQL,Y,,
greenplum,greenplum,Greenplum,Greenplum,Normal,Y_auto,greenplum#dbdbio>|<dbengines#Greenplum,Relational,C,,,"Greenplum, Pivotal#dbdbio>|<dbengines#Pivotal Software Inc.",US,2003#dbdbio>|<dbengines#2005,2020,"Commercial,Open Source",Apache v2#dbdbio>|<dbengines#Apache 2.0,greenplum-db/gpdb,Y,10.94,46
greptimedb,greptimedb,GreptimeDB,,X_Never,Y_auto,greptimedb,Relational,Rust,,,Greptime Inc.,CN,2022,,"Commercial,Open Source",Apache v2,GreptimeTeam/greptimedb,Y,,
griddb,griddb,GridDB,GridDB,Normal,Y_auto,griddb#dbdbio>|<dbengines#GridDB,Key-value#dbdbio>|<dbengines#Time Series,C++,,,Toshiba Corporation,JP,2011#dbdbio>|<dbengines#2013,,"Commercial,Open Source","AGPL v3,,,Apache v2#dbdbio>|<dbengines#AGPL version 3 and Apache License, version 2.0 , commercial license (standard and advanced editions) also available",griddb/griddb_nosql#dbdbio>|<dbengines#griddb/griddb,Y,1.97,146
gun,gun,GUN,,X_Never,Y_auto,gun,Graph,JavaScript,,,Mark Nadal,US,2014,,"Commercial,Open Source",Apache v2,amark/gun,Y,,
h-store,h-store,H-Store,,X_Never,Y_auto,h-store,Relational,"C++,Java","SQL,Stored Procedures",Shared-Nothing,"Brown University, Massachusetts Institute of Technology, Carnegie Mellon University",US,2006,2016,"Academic,Open Source","BSD,GPL v3",apavlo/h-store,Y,,
h2,h2,H2,H2,Normal,Y_auto,h2#dbdbio>|<dbengines#H2,Relational,Java,SQL,"Shared-Everything,Embedded",Thomas Mueller,CH,2004#dbdbio>|<dbengines#2005,2022,Open Source,"Eclipse Public License,Mozilla Public License#dbdbio>|<dbengines#dual-licence (Mozilla public license, Eclipse public license)",h2database/h2database,Y,8.46,53
halodb,halodb,HaloDB,,X_Never,Y_auto,halodb,Key-value,Java,,Embedded,Yahoo!,US,2017,,"Industrial Research,Open Source",Apache v2,yahoo/HaloDB,Y,,
hanoidb,hanoidb,HanoiDB,,X_Never,Y_auto,hanoidb,Key-value,Erlang,,,Kresten Krab Thorup,DK,2012,2016,Open Source,,krestenkrab/hanoidb,Y,,
hawq,hawq,HAWQ,Apache HAWQ,Fuzzy:Normal,Y,hawq#dbdbio>|<dbengines#Apache HAWQ,Relational,Java,SQL,Shared-Disk,Pivotal#dbdbio>|<dbengines#Pivotal  Software; Apache,US,2015#dbdbio>|<dbengines#2012,,Open Source,Apache v2,apache/hawq,Y,1.42,179
hazelcast,hazelcast,Hazelcast,Hazelcast,Normal,Y_auto,hazelcast#dbdbio>|<dbengines#Hazelcast,Key-value,Java,Custom API,Shared-Nothing,Hazelcast,US,2008,2023,"Commercial,Open Source",Apache v2#dbdbio>|<dbengines#Apache Version 2; commercial licenses available,hazelcast/hazelcast,Y,9.11,49
heavydb,heavydb,HeavyDB,,X_Never,Y_auto,heavydb,Relational,C++,SQL,Shared-Everything,HEAVY.AI,US,2013,,"Commercial,Open Source",Apache v2,heavyai/heavydb,Y,,
herddb,herddb,HerdDB,,X_Never,Y_auto,herddb,Relational,Java,"Custom API,SQL,Command-line / Shell",Shared-Nothing,Diennea S.r.l.,IT,2016,,Open Source,Apache v2,diennea/herddb,Y,,
heroic,heroic,Heroic,Heroic,Normal,Y_auto,heroic#dbdbio>|<dbengines#Heroic,Key-value#dbdbio>|<dbengines#Time Series,Java,Custom API,Shared-Nothing,Spotify,SE,2015#dbdbio>|<dbengines#2014,2019,Open Source,Apache v2#dbdbio>|<dbengines#Apache 2.0,spotify/heroic,Y,0.37,306
hibari,hibari,Hibari,Hibari,Normal,Y_auto,hibari#dbdbio>|<dbengines#Hibari,Key-value,Erlang,,,Gemini Mobile Technologies,"US,JP",2005,,Open Source,Apache v2#dbdbio>|<dbengines#Apache Version 2,hibari/hibari,Y,1.21,196
hipsterdb,hipsterdb,hipsterDB,,X_Never,Y_auto,hipsterdb,Key-value,Go,HTTP / REST,,Rob Merrell,US,2013,2013,"Hobby,Open Source",,robmerrell/hipsterdb,Y,,
histore,histore,Histore,,X_Never,Y_auto,histore,Key-value,JavaScript,Custom API,,Jason Miller,US,2018,,Open Source,Apache v2,developit/histore,Y,,
hive-dart,hive-dart,Hive (Dart),,X_Never,Y_auto,hive-dart,Key-value,Dart,Custom API,Embedded,Simon Leier,DE,2019,,Open Source,Apache v2,hivedb/hive,Y,,
hstreamdb,hstreamdb,HStreamDB,,X_Never,Y_auto,hstreamdb,Relational,Haskell,SQL,,"EMQ Technologies Co., Ltd.",CN,2020,,"Commercial,Open Source",BSD,hstreamdb/hstream,Y,,
hydra,hydra,Hydra,,X_Never,Y_auto,hydra,"Object oriented,Relational",C,SQL,Shared-Everything,Hydra,CA,2022,,"Commercial,Open Source","AGPL v3,,,Apache v2",HydrasDB/hydra,Y,,
hyperdex,hyperdex,HyperDex,,X_Never,Y_auto,hyperdex,Key-value,C++,Custom API,Shared-Nothing,Cornell University,US,2011,2016,"Academic,Open Source",BSD,rescrv/HyperDex,Y,,
hypergraphdb,hypergraphdb,HyperGraphDB,HyperGraphDB,Normal,Y_auto,hypergraphdb#dbdbio>|<dbengines#HyperGraphDB,Graph,Java,Custom API,Shared-Nothing,Kobrix Software,US,2007,,Open Source,Apache v2#dbdbio>|<dbengines#L-GPL,hypergraphdb#dbdbio>|<dbengines#hypergraphdb/hypergraphdb,Y,0.41,297
hypertable,hypertable,Hypertable,,X_Never,Y_auto,hypertable,Wide column,C++,"Custom API,Command-line / Shell",Shared-Disk,Zvents,US,2008,,"Commercial,Open Source",GPL v3,hypertable/hypertable,Y,,
hyrise,hyrise,Hyrise,,X_Never,Y_auto,hyrise,Relational,C++,"SQL,Stored Procedures",Shared-Everything,Hasso Plattner Institute,DE,2009,,"Academic,Open Source",MIT,hyrise/hyrise,Y,,
icecoal,icecoal,Icecoal,,X_Never,Y_auto,icecoal,Relational,Python,SQL,Embedded,,,2020,,"Hobby,Open Source",MIT,ppml38/icecoal,Y,,
icefiredb,icefiredb,IceFireDB,,X_Never,Y_auto,icefiredb,Key-value,Go,"Custom API,HTTP / REST",Shared-Nothing,Li Biao,CN,2021,,"Hobby,Open Source",Apache v2,IceFireDB/IceFireDB,Y,,
ignite,ignite,Ignite,Ignite,Normal,Y_auto,ignite#dbdbio>|<dbengines#Ignite,Key-value,Java,SQL,Shared-Nothing,Apache Foundation#dbdbio>|<dbengines#Apache Software Foundation,US,2014#dbdbio>|<dbengines#2015,,Open Source,Apache v2#dbdbio>|<dbengines#Apache 2.0,apache/ignite,Y,5.5,78
immortaldb,immortaldb,ImmortalDB,,X_Never,Y_auto,immortaldb,Key-value,JavaScript,Custom API,Embedded,Ansgar Grunseid,US,2018,,Open Source,MIT,gruns/ImmortalDB,Y,,
immudb,immudb,Immudb,Immudb,Normal,Y_auto,immudb#dbdbio>|<dbengines#Immudb,Key-value,Go,HTTP / REST,,"Codenotary, Inc.#dbdbio>|<dbengines#Codenotary",US,2019#dbdbio>|<dbengines#2020,2022,Open Source,Apache v2#dbdbio>|<dbengines#Apache Version 2.0,codenotary/immudb,Y,0.31,323
impala,impala,Impala,Impala,Normal,Y_auto,impala#dbdbio>|<dbengines#Impala,Relational,C++,"Custom API,SQL",Shared-Nothing,Cloudera,US,2013,2022,"Commercial,Open Source",Apache v2#dbdbio>|<dbengines#Apache Version 2,apache/impala,Y,18.7,37
infinidb,infinidb,InfiniDB,,X_Never,Y_auto,infinidb,Relational,C++,SQL,"Shared-Nothing,Shared-Disk","InfiniDB, Inc.",US,2000,,"Commercial,Open Source",GPL v2,infinidb/infinidb,Y,,
infinispan,infinispan,Infinispan,Infinispan,Normal,Y_auto,infinispan#dbdbio>|<dbengines#Infinispan,Key-value,Java,Custom API,,RedHat,US,2009,,"Commercial,Open Source",Apache v2#dbdbio>|<dbengines#Apache Version 2,infinispan/infinispan,Y,3.76,97
infinisql,infinisql,InfiniSQL,,X_Never,Y_auto,infinisql,Relational,C++,,,Mark Travis,US,2013,,Open Source,GPL v3,infinisql/infinisql,Y,,
influxdb,influxdb,InfluxDB,InfluxDB,Normal,Y_auto,influxdb#dbdbio>|<dbengines#InfluxDB,Wide column#dbdbio>|<dbengines#Time Series,Go,"Custom API,SQL,HTTP / REST",,InfluxData,US,2013,2022,"Commercial,Open Source",MIT#dbdbio>|<dbengines#MIT-License; commercial enterprise version available,influxdata/influxdb,Y,29.44,29
iondb,iondb,IonDB,,X_Never,Y_auto,iondb,Key-value,C,Custom API,Embedded,Graeme Douglas,CA,2015,,"Academic,Open Source",BSD,iondbproject/iondb,Y,,
iotdb,iotdb,IoTDB,Apache IoTDB,Fuzzy:Normal,Y,iotdb#dbdbio>|<dbengines#Apache IoTDB,Hierarchical#dbdbio>|<dbengines#Time Series,Java,Custom API,Embedded,Tsinghua University#dbdbio>|<dbengines#Apache Software Foundation,CN,2017#dbdbio>|<dbengines#2018,,"Academic,Open Source",Apache v2#dbdbio>|<dbengines#Apache Version 2.0,apache/incubator-iotdb#dbdbio>|<dbengines#apache/iotdb,Y,0.99,221
irmin,irmin,Irmin,,X_Never,Y_auto,irmin,Document,Ocaml,"Custom API,Command-line / Shell",,MirageOS,FR,2013,,Open Source,ISC License,mirage/irmin,Y,,
jackrabbit,jackrabbit,Jackrabbit,Jackrabbit,Normal,Y_auto,jackrabbit#dbdbio>|<dbengines#Jackrabbit,Object oriented#dbdbio>|<dbengines#Content,Java,,,Day Software#dbdbio>|<dbengines#Apache Software Foundation,CH,2004#dbdbio>|<dbengines#2006,,Open Source,Apache v2,apache/jackrabbit,Y,6.03,71
jaguar,jaguar,Jaguar,,X_Never,Y_auto,jaguar,"Key-value,Array",C++,"Custom API,SQL,Command-line / Shell",Shared-Nothing,Data Jaguar,US,2017,,"Commercial,Open Source",MIT,datajaguar/jaguardb,Y,,
janusgraph,janusgraph,JanusGraph,JanusGraph,Normal,Y_auto,janusgraph#dbdbio>|<dbengines#JanusGraph,Graph,Java,Gremlin,Shared-Disk,"The Linux Foundation#dbdbio>|<dbengines#Linux Foundation; originally developed as,Titan,by Aurelius",US,2012#dbdbio>|<dbengines#2017,2022,Open Source,Apache v2#dbdbio>|<dbengines#Apache 2.0,JanusGraph/janusgraph,Y,2.79,117
jasdb,jasdb,JasDB,JasDB,Normal,Y_auto,jasdb#dbdbio>|<dbengines#JasDB,Document,Java,HTTP / REST,,Obera Software,NL,2013#dbdbio>|<dbengines#2014,,"Commercial,Open Source",MIT,oberasoftware/jasdb,Y,0.0,389
jena,jena,Jena,Apache Jena - TDB,Fuzzy:Normal,Y,jena#dbdbio>|<dbengines#Apache Jena - TDB,RDF,Java,"SPARQL,Datalog",,HP Labs#dbdbio>|<dbengines#Apache Software Foundation,GB,2000,,Open Source,"Apache v2#dbdbio>|<dbengines#Apache License, Version 2.0",apache/jena,Y,5.09,82
jindb,jindb,JinDB,,X_Never,Y_auto,jindb,,Rust,Custom API,Shared-Everything,Shoyo Inokuchi,JP,2019,,"Hobby,Open Source",MIT,shoyo/jindb,Y,,
jsdb,jsdb,JSDB,,X_Never,Y_auto,jsdb,Document,JavaScript,Custom API,,Small Technology Foundation,IE,2020,,"Hobby,Open Source",AGPL v3,small-tech/jsdb,Y,,
jsonstoreio,jsonstoreio,jsonstore.io,,X_Never,Y_auto,jsonstoreio,Document,JavaScript,HTTP / REST,,Eliran Pe'er,IL,2018,,Open Source,MIT,bluzi/jsonstore,Y,,
jsqldb,jsqldb,JSqlDb,,X_Never,Y_auto,jsqldb,Document,C++,,Shared-Everything,Konrad von Backström,ZA,2017,,Open Source,LGPL v3,jsqldb/jsqldb,Y,,
juliadb,juliadb,JuliaDB,,X_Never,Y_auto,juliadb,Relational,Julia,Custom API,Embedded,,US,2017,,Open Source,MIT,JuliaData/JuliaDB.jl,Y,,
justindb,justindb,JustinDB,,X_Never,Y_auto,justindb,Key-value,Scala,HTTP / REST,Shared-Nothing,Mateusz Maciaszek,PL,2015,,Open Source,Apache v2,justin-db/JustinDB,Y,,
kairosdb,kairosdb,KairosDB,KairosDB,Normal,Y_auto,kairosdb#dbdbio>|<dbengines#KairosDB,Time Series,,HTTP / REST,,KairosDB,US,2013,,Open Source,Apache v2#dbdbio>|<dbengines#Apache 2.0,kairosdb/kairosdb,Y,1.06,210
kareldb,kareldb,KarelDB,,X_Never,Y_auto,kareldb,Relational,Java,SQL,,Confluent,US,2019,,Open Source,Apache v2,rayokota/kareldb,Y,,
kerf,kerf,Kerf,,X_Never,Y_auto,kerf,,C,"SQL,HTTP / REST",,Kevin Lawler,US,2014,,"Commercial,Open Source",,kevinlawler/kerf,Y,,
keydb,keydb,KeyDB,KeyDB,Normal,Y_auto,keydb#dbdbio>|<dbengines#KeyDB,Key-value,C++,Custom API,,EQ Alpha Technology Ltd.,CA,2019,,"Commercial,Open Source",BSD#dbdbio>|<dbengines#BSD-3,JohnSully/KeyDB#dbdbio>|<dbengines#Snapchat/KeyDB,Y,0.76,244
kingdb,kingdb,KingDB,,X_Never,Y_auto,kingdb,Key-value,,Custom API,"Shared-Everything,Embedded",Emmanuel Goossaert,NL,2012,,"Hobby,Open Source",BSD,goossaert/kingdb,Y,,
kinto,kinto,Kinto,,X_Never,Y_auto,kinto,Document,Python,HTTP / REST,,Mathieu Leplatre,ES,2014,,"Commercial,Open Source",Mozilla Public License,Kinto/kinto,Y,,
kirbybase,kirbybase,KirbyBase,,X_Never,Y_auto,kirbybase,,"Python,Ruby",,"Shared-Everything,Embedded",NetPro Technologies,US,2003,,Open Source,,weppos/kirbybase,Y,,
krati,krati,Krati,,X_Never,Y_auto,krati,Key-value,Java,,,LinkedIn,US,2010,2013,Open Source,Apache v2,jingwei/krati,Y,,
ksqldb,ksqldb,ksqlDB,,X_Never,Y_auto,ksqldb,"Relational,Key-value",Java,,,Confluent,US,2017,,"Commercial,Open Source",Proprietary,confluentinc/ksql,Y,,
kudu,kudu,Kudu,,X_Never,Y_auto,kudu,Relational,C++,,,Cloudera,US,2016,,Open Source,Apache v2,apache/kudu,Y,,
kunlun,kunlun,Kunlun,,X_Never,Y_auto,kunlun,Relational,C,,,Zetuo Technology,CN,2019,,"Hobby,Open Source",Commons Clause License,zettadb/kunlun,Y,,
kvrocks,kvrocks,Kvrocks,,X_Never,Y_auto,kvrocks,Key-value,C++,,,Meitu,CN,2019,,Open Source,BSD,KvrocksLabs/kvrocks,Y,,
kylin,kylin,Kylin,Apache Kylin,Fuzzy:Normal,Y,kylin#dbdbio>|<dbengines#Apache Kylin,Key-value#dbdbio>|<dbengines#Relational,Java,,,"eBay#dbdbio>|<dbengines#Apache Software  Foundation, originally contributed from eBay Inc",CN,2013#dbdbio>|<dbengines#2015,,Open Source,Apache v2#dbdbio>|<dbengines#Apache Version 2.0,apache/kylin,Y,1.63,164
kuzu,kuzu,Kùzu,,X_Never,Y_auto,kuzu,Graph,C++,,,University of Waterloo,CA,2020,,"Academic,Open Source",MIT,kuzudb/kuzu,Y,,
lazer,lazer,Lazer,,X_Never,Y_auto,lazer,Document,PHP,,,Grzegorz Kuznik,PL,2013,,Open Source,MIT,Greg0/Lazer-Database,Y,,
lealone,lealone,Lealone,,X_Never,Y_auto,lealone,Relational,Java,,,,CN,2012,,Open Source,"Eclipse Public License,,,Mozilla Public License",lealone/Lealone,Y,,
ledisdb,ledisdb,LedisDB,LedisDB,Normal,Y_auto,ledisdb#dbdbio>|<dbengines#LedisDB,Key-value,Go,,,Siddon Tang,CN,2014,,Open Source,MIT#dbdbio>|<dbengines#MIT-License,siddontang/ledisdb#dbdbio>|<dbengines#ledisdb/ledisdb,Y,0.19,355
lindb,lindb,LinDB,,X_Never,Y_auto,lindb,Wide column,Go,,,ELEME Inc.,CN,2019,,Open Source,Apache v2,eleme/lindb,Y,,
lineairdb,lineairdb,LineairDB,,X_Never,Y_auto,lineairdb,Key-value,C++,,,Nippon Telegraph and Telephone Corporation,JP,2020,,Open Source,Apache v2,LineairDB/LineairDB,Y,,
litedb,litedb,LiteDB,LiteDB,Normal,Y_auto,litedb#dbdbio>|<dbengines#LiteDB,Document,C#,,,Mauricio David,BR,2014,,Open Source,MIT#dbdbio>|<dbengines#MIT License,mbdavid/LiteDB,Y,1.75,155
littled,littled,LittleD,,X_Never,Y_auto,littled,,,,,Graeme Douglas,CA,,,Open Source,Apache v2,graemedouglas/LittleD,Y,,
llamadb,llamadb,LlamaDB,,X_Never,Y_auto,llamadb,,Rust,,,Danny Spencer,CA,2015,2017,Open Source,MIT,nukep/llamadb,Y,,
locustdb,locustdb,LocustDB,,X_Never,Y_auto,locustdb,Relational,Rust,,,Clemens Winter,US,2017,,Open Source,,cswinter/LocustDB,Y,,
lokijs,lokijs,LokiJS,LokiJS,Normal,Y_auto,lokijs#dbdbio>|<dbengines#LokiJS,Document,JavaScript,,Embedded,Joe Minichino,IE,2013#dbdbio>|<dbengines#2014,,Open Source,,techfort/LokiJS,Y,0.7,252
lovefield,lovefield,Lovefield,Lovefield,Normal,Y_auto,lovefield#dbdbio>|<dbengines#Lovefield,Relational,JavaScript,,,Google,US,2014,2017,Open Source,Apache v2#dbdbio>|<dbengines#Apache 2.0,google/lovefield,Y,0.53,272
lowdb,lowdb,LowDB,,X_Never,Y_auto,lowdb,Document,JavaScript,,Embedded,,,2014,,Open Source,MIT,typicode/lowdb,Y,,
lucene,lucene,Lucene,,X_Never,Y_auto,lucene,Document,Java,Custom API,Embedded,Apache Software Foundation,US,1999,,Open Source,Apache v2,apache/lucene,Y,,
luciddb,luciddb,LucidDB,,X_Never,Y_auto,luciddb,,"C++,Java",,,"LucidEra, Inc.",US,2004,,"Commercial,Open Source","Apache v2,GPL v2,LGPL v2",LucidDB/luciddb,Y,,
lungodb,lungodb,LungoDB,,X_Never,Y_auto,lungodb,Document,Go,Custom API,Embedded,Joël Gähwiler,CH,2019,,Open Source,MIT,256dpi/lungo,Y,,
m3db,m3db,M3DB,M3DB,Normal,Y_auto,m3db#dbdbio>|<dbengines#M3DB,Relational#dbdbio>|<dbengines#Time Series,Go,,,Uber,US,2018,,Open Source,Apache v2#dbdbio>|<dbengines#Apache version 2,m3db/m3,Y,1.08,207
mangodb,mangodb,MangoDB,,X_Never,Y_auto,mangodb,Document,Python,Custom API,,David Cramer,US,2012,,"Hobby,Open Source",,dcramer/mangodb,Y,,
manticore-search,manticore-search,Manticore Search,Manticore Search,Normal,Y_auto,manticore-search#dbdbio>|<dbengines#Manticore Search,Relational#dbdbio>|<dbengines#Search engine,C++,"SQL,HTTP / REST",,Manticore Software Ltd#dbdbio>|<dbengines#Manticore Software,GB,2017,2021,"Commercial,Open Source",GPL v2#dbdbio>|<dbengines#GPL version 2,manticoresoftware/manticoresearch,Y,0.3,327
mapdb,mapdb,MapDB,MapDB,Normal,Y_auto,mapdb#dbdbio>|<dbengines#MapDB,Object oriented#dbdbio>|<dbengines#Key-value,Java,,Embedded,Jan Kotek,CZ,2012#dbdbio>|<dbengines#2002,,Open Source,Apache v2#dbdbio>|<dbengines#Apache Version 2,jankotek/mapdb,Y,0.99,220
marcellodb,marcellodb,MarcelloDB,,X_Never,Y_auto,marcellodb,Object oriented,C#,Custom API,Embedded,Mark Meeus,BE,2014,,Open Source,MIT,markmeeus/MarcelloDB,Y,,
mariadb,mariadb,MariaDB,MariaDB,Normal,Y_auto,mariadb#dbdbio>|<dbengines#MariaDB,Relational,"Bash,C,C++,Perl","Custom API,SQL,Stored Procedures",,"MariaDB Foundation#dbdbio>|<dbengines#MariaDB Corporation Ab (MariaDB Enterprise),,MariaDB Foundation (community MariaDB Server)",SE,2009,2023,Open Source,"GPL v2#dbdbio>|<dbengines#GPL version 2, commercial enterprise subscription available",MariaDB/server,Y,96.81,13
matrixone,matrixone,MatrixOne,MatrixOne,Normal,Y_auto,matrixone#dbdbio>|<dbengines#MatrixOne,Relational,Go,SQL,,MatrixOrigin,CN,2021,,"Commercial,Open Source",Apache v2#dbdbio>|<dbengines#Apache Version 2.0,matrixorigin/matrixone,Y,1.44,175
mcdb,mcdb,mcdb,,X_Never,Y_auto,mcdb,Key-value,C,,,Glenn Strauss,US,2010,,Open Source,LGPL v2,gstrauss/mcdb,Y,,
mckoi-sql-database,mckoi-sql-database,Mckoi SQL Database,,X_Never,Y_auto,mckoi-sql-database,Relational,Java,SQL,"Shared-Everything,Embedded","Diehl and Associates, Inc.",US,1998,,"Commercial,Open Source",GPL v2,Mckoi/origsqldb,Y,,
meilisearch,meilisearch,Meilisearch,Meilisearch,Normal,Y_auto,meilisearch#dbdbio>|<dbengines#Meilisearch,Document#dbdbio>|<dbengines#Search engine,Rust,"Custom API,HTTP / REST",,Meilisearch,FR,2018#dbdbio>|<dbengines#2020,,"Commercial,Open Source",MIT#dbdbio>|<dbengines#MIT License,meilisearch/meilisearch,Y,1.09,204
memcached,memcached,Memcached,Memcached,Normal,Y_auto,memcached#dbdbio>|<dbengines#Memcached,Key-value,C,Custom API,,Danga Interactive,US,2003,2023,"Commercial,Open Source",BSD#dbdbio>|<dbengines#BSD license,memcached/memcached,Y,23.17,31
memgraph,memgraph,Memgraph,Memgraph,Normal,Y_auto,memgraph#dbdbio>|<dbengines#Memgraph,Graph,"C,C++",Cypher,,Dominik Tomicevic and Marko Budiselic#dbdbio>|<dbengines#Memgraph Ltd,GB,2016#dbdbio>|<dbengines#2017,,"Commercial,Open Source",Business Source License#dbdbio>|<dbengines#Free license available,memgraph/memgraph,Y#dbdbio>|<dbengines#N,1.68,158
memstate,memstate,Memstate,,X_Never,Y_auto,memstate,Object oriented,C#,Custom API,,Devrex Labs,SE,2017,,"Commercial,Open Source","GPL v3,,,LGPL v3",devrexlabs/memstate,Y,,
mentat,mentat,Mentat,,X_Never,Y_auto,mentat,Relational,Rust,,,Mozilla,US,2016,,Open Source,Apache v2,mozilla/mentat,Y,,
metalbase,metalbase,MetalBase,,X_Never,Y_auto,metalbase,Relational,C,,,Richard P Jernigan IV,US,,,Open Source,,apavlo/metalbase,Y,,
milvus,milvus,Milvus,Milvus,Normal,Y_auto,milvus#dbdbio>|<dbengines#Milvus,Array#dbdbio>|<dbengines#Search engine,Go,Custom API,,The Milvus Project,CN,2019,,Open Source,Apache v2#dbdbio>|<dbengines#Apache Version 2.0,milvus-io/milvus,Y,0.78,240
mldb,mldb,MLDB,,X_Never,Y_auto,mldb,,C++,"SQL,HTTP / REST",,MLDB.ai,CA,2015,,"Commercial,Open Source",Apache v2,mldbai/mldb,Y,,
mnesia,mnesia,Mnesia,Mnesia,Normal,Y_auto,mnesia#dbdbio>|<dbengines#Mnesia,Relational#dbdbio>|<dbengines#Document,Erlang,Custom API,,Ericsson,FI,1999,,Open Source,proprietary license,erlang-labs/mnesia#dbdbio>|<dbengines#beardedeagle/mnesiac,Y,1.86,152
modeshape,modeshape,ModeShape,ModeShape,Normal,Y_auto,modeshape#dbdbio>|<dbengines#ModeShape,Object oriented#dbdbio>|<dbengines#Content,Java,"Custom API,SQL,HTTP / REST",,Red Hat,US,2008#dbdbio>|<dbengines#2010,,"Commercial,Open Source",Apache v2#dbdbio>|<dbengines#Apache Version 2,ModeShape/modeshape,Y,0.72,246
mondrian,mondrian,Mondrian,,X_Never,Y_auto,mondrian,Relational,Java,,,Pentaho,US,2002,,"Commercial,Open Source",Eclipse Public License,pentaho/mondrian,Y,,
monetdb,monetdb,MonetDB,MonetDB,Normal,Y_auto,monetdb#dbdbio>|<dbengines#MonetDB,Wide column#dbdbio>|<dbengines#Relational,C,SQL,,CWI#dbdbio>|<dbengines#MonetDB BV,NL,2002#dbdbio>|<dbengines#2004,,"Academic,Open Source",Mozilla Public License#dbdbio>|<dbengines#Mozilla Public License 2.0,MonetDB/MonetDB,Y,2.38,131
mongodb,mongodb,MongoDB,MongoDB,Multiple:Normal,Y_ConflictResolved,mongodb#dbdbio>|<dbengines#MongoDB,Document,,Custom API,,"MongoDB Inc.#dbdbio>|<dbengines#MongoDB, Inc",US,2009,2022,"Commercial,Open Source",Server Side Public License#dbdbio>|<dbengines#MongoDB Inc.'s Server Side Public License v1. Prior versions were published under GNU AGPL v3.0. Commercial licenses are also available.,mongodb/mongo,Y,452.77,5
mulgara,mulgara,Mulgara,Mulgara,Normal,Y_auto,mulgara#dbdbio>|<dbengines#Mulgara,RDF,Java,SPARQL,,,US,2006,2012,Open Source,Open Software License 3.0#dbdbio>|<dbengines#Apache Version 2,quoll/mulgara,Y,0.5,281
mysql,mysql,MySQL,MySQL,Multiple:Normal,Y_ConflictResolved,mysql#dbdbio>|<dbengines#MySQL,Relational,"C,C++",SQL,,MySQL AB#dbdbio>|<dbengines#Oracle,SE,1994#dbdbio>|<dbengines#1995,2023,Open Source,GPL v2#dbdbio>|<dbengines#GPL version 2. Commercial licenses with extended functionallity are available,mysql/mysql-server,Y,1195.45,2
nanolat,nanolat,Nanolat,,X_Never,Y_auto,nanolat,Key-value,,,,,KR,2012,,Open Source,Apache v2,Nanolat/nldb,Y,,
ncache,ncache,NCache,NCache,Normal,Y_auto,ncache#dbdbio>|<dbengines#NCache,Key-value,,,,Alachisoft,US,2015#dbdbio>|<dbengines#2005,,"Commercial,Open Source","Apache v2,,,Proprietary#dbdbio>|<dbengines#Enterprise Edition available",Alachisoft/NCache,Y,1.35,183
nebula-graph,nebula-graph,Nebula Graph,,X_Never,Y_auto,nebula-graph,Graph,C++,Custom API,Shared-Nothing,VEsoft inc.,CN,2018,,Open Source,Apache v2,vesoft-inc/nebula,Y,,
nedb,nedb,NeDB,,X_Never,Y_auto,nedb,Document,JavaScript,Custom API,Embedded,Louis Chatriot,FR,2013,,Open Source,MIT,louischatriot/nedb,Y,,
neo4j,neo4j,Neo4j,Neo4j,Normal,Y_auto,neo4j#dbdbio>|<dbengines#Neo4j,Graph,"Java,Scala",Cypher,Shared-Nothing,"Neo Technology, Inc.#dbdbio>|<dbengines#Neo4j, Inc.",SE,2007,2023,"Commercial,Open Source","AGPL v3,GPL v3#dbdbio>|<dbengines#GPL version3, commercial licenses available",neo4j/neo4j,Y,55.43,20
neon,neon,Neon,,X_Never,Y_auto,neon,"Object oriented,Relational","C,Rust",,Shared-Disk,Neon,US,2021,,"Commercial,Open Source",Apache v2,neondatabase/neon,Y,,
nessdb,nessdb,nessDB,,X_Never,Y_auto,nessdb,Key-value,C,Custom API,Embedded,Bohu Tang,CN,2011,,Open Source,BSD,BohuTANG/nessDB,Y,,
nitrite,nitrite,Nitrite,,X_Never,Y_auto,nitrite,Document,Java,Custom API,Embedded,Anindya Chatterjee,IN,2017,,Open Source,Apache v2,dizitart/nitrite-database,Y,,
noisepage,noisepage,NoisePage,,X_Never,Y_auto,noisepage,Relational,C++,SQL,Shared-Everything,Carnegie Mellon University,US,2018,,"Academic,Open Source",MIT,cmu-db/noisepage,Y,,
noms,noms,Noms,,X_Never,Y_auto,noms,Document,Go,,,Attic Labs,US,2015,,Open Source,Apache v2,attic-labs/noms,Y,,
nosdb,nosdb,NosDB,NosDB,Normal,Y_auto,nosdb#dbdbio>|<dbengines#NosDB,Document,C#,"Custom API,HTTP / REST",,Alachisoft,US,2016,,"Commercial,Open Source",Apache v2#dbdbio>|<dbengines#Professional and Enterprise Versions available,Alachisoft/NosDB,Y,0.22,348
nudb,nudb,NuDB,,X_Never,Y_auto,nudb,Key-value,C++,Custom API,Embedded,Vinnie Falco,US,2016,,Open Source,Boost Software License,vinniefalco/NuDB,Y,,
nutsdb,nutsdb,NutsDB,,X_Never,Y_auto,nutsdb,Key-value,Go,Custom API,,Jiajun Xu,CN,2018,,Open Source,Apache v2,xujiajun/nutsdb,Y,,
objectbox,objectbox,ObjectBox,ObjectBox,Normal,Y_auto,objectbox#dbdbio>|<dbengines#ObjectBox,Object oriented,"C,C++,Go,Java,Python,Swift",Custom API,Embedded,ObjectBox Limited,DE,2016#dbdbio>|<dbengines#2017,,"Commercial,Open Source",Apache v2#dbdbio>|<dbengines#Apache License 2.0,objectbox/#dbdbio>|<dbengines#objectbox/objectbox-java,Y,1.57,170
oceanbase,oceanbase,OceanBase,OceanBase,Normal,Y_auto,oceanbase#dbdbio>|<dbengines#OceanBase,Relational,C++,SQL,Shared-Nothing,OceanBase,CN,2010#dbdbio>|<dbengines#2011,,"Commercial,Open Source",Mulan PubL v2#dbdbio>|<dbengines#Commercial license available,oceanbase/oceanbase,Y,1.98,145
olegdb,olegdb,OlegDB,,X_Never,Y_auto,olegdb,Key-value,"C,Go",HTTP / REST,Shared-Everything,"Quinlan Pfiffer, Kyle Terry",US,2014,,"Commercial,Open Source",MIT,infoforcefeed/OlegDB,Y,,
openmldb,openmldb,OpenMLDB,,X_Never,Y_auto,openmldb,Relational,C++,"SQL,HTTP / REST",,4Paradigm,CN,2017,,Open Source,Apache v2,4paradigm/OpenMLDB,Y,,
opentsdb,opentsdb,OpenTSDB,OpenTSDB,Normal,Y_auto,opentsdb#dbdbio>|<dbengines#OpenTSDB,Key-value#dbdbio>|<dbengines#Time Series,Java,"Custom API,HTTP / REST,Command-line / Shell",Shared-Disk,currently maintained by Yahoo and other contributors,US,2010#dbdbio>|<dbengines#2011,,Open Source,LGPL v2#dbdbio>|<dbengines#LGPL,OpenTSDB/opentsdb,Y,2.44,128
orbitdb,orbitdb,OrbitDB,,X_Never,Y_auto,orbitdb,"Key-value,Document",JavaScript,Custom API,Shared-Nothing,,DE,2015,,Open Source,MIT,orbitdb/orbit-db,Y,,
orientdb,orientdb,OrientDB,OrientDB,Normal,Y_auto,orientdb#dbdbio>|<dbengines#OrientDB,"Key-value,Document,Graph,Object oriented#dbdbio>|<dbengines#Document",Java,"SQL,Stored Procedures,GraphQL,Gremlin,HTTP / REST",Shared-Nothing,OrientDB LTD; CallidusCloud; SAP,GB,2010,,"Commercial,Open Source",Apache v2#dbdbio>|<dbengines#Apache version 2,orientechnologies/orientdb,Y,4.54,85
origodb,origodb,OrigoDB,OrigoDB,Normal,Y_auto,origodb#dbdbio>|<dbengines#OrigoDB,"Relational,Key-value,Document,Graph,Object oriented#dbdbio>|<dbengines#Document",C#,Custom API,Shared-Nothing,Robert Friberg et al,SE,2011#dbdbio>|<dbengines#2009,,"Commercial,Open Source",MIT,DevrexLabs/OrigoDB,Y,0.25,337
paldb,paldb,PalDB,,X_Never,Y_auto,paldb,Key-value,Java,Custom API,,,US,2015,,Open Source,Apache v2,linkedin/PalDB,Y,,
paper,paper,Paper,,X_Never,Y_auto,paper,"Key-value,Object oriented",Java,Custom API,Embedded,,SE,2015,,Open Source,Apache v2,pilgr/Paper,Y,,
pearldb,pearldb,PearlDB,,X_Never,Y_auto,pearldb,Key-value,C,HTTP / REST,,,NZ,2015,,Open Source,BSD,willemt/pearldb,Y,,
pebble,pebble,Pebble,,X_Never,Y_auto,pebble,Key-value,Go,Custom API,Embedded,,US,2018,,Open Source,BSD,petermattis/pebble,Y,,
percona-server,percona-server,Percona Server,Percona Server for MySQL,Multiple:Normal,Y_ConflictResolved,percona-server#dbdbio>|<dbengines#Percona Server for MySQL,Relational,,SQL,Shared-Everything,Percona,US,2006#dbdbio>|<dbengines#2008,2022,"Commercial,Open Source",GPL version 2,percona/percona-server,Y,3.17,104
photondb,photondb,PhotonDB,,X_Never,Y_auto,photondb,Key-value,Rust,,,,CN,2022,,"Hobby,Open Source",Apache v2,photondb/photondb,Y,,
pickledb,pickledb,pickleDB,,X_Never,Y_auto,pickledb,Document,Python,Custom API,Embedded,,US,2011,,"Hobby,Open Source",BSD,patx/pickledb,Y,,
picodb,picodb,PicoDB,,X_Never,Y_auto,picodb,Document,JavaScript,,Embedded,,FR,2016,,Open Source,MIT,jclo/picodb,Y,,
pika,pika,Pika,,X_Never,Y_auto,pika,Key-value,C++,Custom API,Shared-Everything,,CN,2014,,Open Source,MIT,Qihoo360/pika,Y,,
piladb,piladb,piladb,,X_Never,Y_auto,piladb,Object oriented,Go,HTTP / REST,,,ES,2015,,Open Source,MIT,fern4lvarez/piladb,Y,,
pilosa,pilosa,Pilosa,,X_Never,Y_auto,pilosa,Array,Go,"Custom API,HTTP / REST",Shared-Everything,,US,2017,,"Commercial,Open Source",Apache v2,pilosa/pilosa,Y,,
pincaster,pincaster,Pincaster,,X_Never,Y_auto,pincaster,Document,C,HTTP / REST,,,FR,2010,,Open Source,MIT,jedisct1/Pincaster,Y,,
pinot,pinot,Pinot,Apache Pinot,Fuzzy:Normal,Y,pinot#dbdbio>|<dbengines#Apache Pinot,Relational,Java,SQL,Shared-Nothing,LinkedIn#dbdbio>|<dbengines#Apache Software Foundation and contributors,US,2014#dbdbio>|<dbengines#2015,2022,Open Source,Apache v2#dbdbio>|<dbengines#Apache Version 2.0,apache/pinot,Y,0.67,254
pinusdb,pinusdb,PinusDB,,X_Never,Y_auto,pinusdb,Relational,C++,SQL,,ChangSha JuSong Soft Inc.,CN,2019,,Open Source,GPL v3,pinusdb/pinusdb,Y,,
pipelinedb,pipelinedb,PipelineDB,PipelineDB,Normal,Y_auto,pipelinedb#dbdbio>|<dbengines#PipelineDB,"Object oriented,Relational#dbdbio>|<dbengines#Relational",C,,,,US,2015,,"Commercial,Open Source","BSD,,,GPL v3#dbdbio>|<dbengines#BSD, GPL V3",pipelinedb/pipelinedb,Y,0.42,291
pogreb,pogreb,Pogreb,,X_Never,Y_auto,pogreb,Key-value,Go,Custom API,Embedded,Artem Krylysov,US,2018,,Open Source,Apache v2,akrylysov/pogreb,Y,,
polypheny,polypheny,Polypheny,,X_Never,Y_auto,polypheny,"Relational,Document,Graph",Java,"SQL,Cypher,HTTP / REST",Shared-Everything,"Polypheny GmbH, University of Basel",CH,2017,,"Academic,Commercial,Open Source",Apache v2,polypheny/Polypheny-DB,Y,,
pouchdb,pouchdb,PouchDB,PouchDB,Normal,Y_auto,pouchdb#dbdbio>|<dbengines#PouchDB,Document,JavaScript,Custom API,Embedded,Apache Software Foundation,US,2010#dbdbio>|<dbengines#2012,,Open Source,Apache v2,pouchdb/pouchdb,Y,3.52,100
pranadb,pranadb,PranaDB,,X_Never,Y_auto,pranadb,Relational,Go,SQL,,Cash App,GB,2022,,Open Source,,cashapp/pranadb,Y,,
prestodb,prestodb,PrestoDB,,X_Never,Y_auto,prestodb,"Wide column,Relational,Key-value,Document",Java,SQL,Shared-Nothing,Facebook,US,2013,,Open Source,Apache v2,prestodb/presto,Y,,
prometheus,prometheus,Prometheus,Prometheus,Normal,Y_auto,prometheus#dbdbio>|<dbengines#Prometheus,Key-value#dbdbio>|<dbengines#Time Series,Go,"HTTP / REST,PromQL",Shared-Disk,SoundCloud,DE,2012#dbdbio>|<dbengines#2015,,Open Source,Apache v2#dbdbio>|<dbengines#Apache 2.0,prometheus/prometheus,Y,7.06,59
pumpkindb,pumpkindb,PumpkinDB,,X_Never,Y_auto,pumpkindb,Key-value,Rust,,,Yurii Rashkovskii,CA,2017,,Open Source,Mozilla Public License,PumpkinDB/PumpkinDB,Y,,
pupdb,pupdb,PupDB,,X_Never,Y_auto,pupdb,Key-value,Python,HTTP / REST,Shared-Everything,tuxmonk,IN,2019,,Open Source,MIT,tuxmonk/pupdb,Y,,
qikkdb,qikkdb,qikkDB,,X_Never,Y_auto,qikkdb,Relational,C++,SQL,,Instarea s.r.o.,SK,2019,,"Commercial,Open Source",Apache v2,qikkDB/qikkdb,Y,,
qserv,qserv,Qserv,,X_Never,Y_auto,qserv,Relational,C++,,,SLAC National Accelerator Laboratory,US,2011,,"Academic,Open Source",,lsst/qserv,Y,,
quadrable,quadrable,Quadrable,,X_Never,Y_auto,quadrable,Key-value,C++,"Custom API,Command-line / Shell",Embedded,Doug Hoyte,CA,2020,,"Commercial,Open Source",BSD,hoytech/quadrable,Y,,
questdb,questdb,QuestDB,QuestDB,Normal,Y_auto,questdb#dbdbio>|<dbengines#QuestDB,Relational#dbdbio>|<dbengines#Time Series,"C++,Java",SQL,"Shared-Nothing,Embedded",QuestDB#dbdbio>|<dbengines#QuestDB Limited,GB,2014,,"Commercial,Open Source",Apache v2#dbdbio>|<dbengines#Apache 2.0,questdb/questdb,Y,1.95,147
quickstep,quickstep,Quickstep,,X_Never,Y_auto,quickstep,Relational,,,,University of Wisconsin,US,2013,2018,"Academic,Open Source",Apache v2,apache/incubator-retired-quickstep,Y,,
quokka,quokka,Quokka,,X_Never,Y_auto,quokka,Relational,,,,Ziheng Wang,US,2021,,"Hobby,Open Source",Apache v2,marsupialtail/quokka,Y,,
radondb,radondb,RadonDB,,X_Never,Y_auto,radondb,Relational,,,,Yunify Technologies Inc.,CN,2018,,"Commercial,Open Source",GPL v3,radondb/radon,Y,,
ragedb,ragedb,RageDB,,X_Never,Y_auto,ragedb,Graph,,,,Max De Marzi,US,2021,,"Hobby,Open Source",Apache v2,ragedb/ragedb,Y,,
ravendb,ravendb,RavenDB,RavenDB,Normal,Y_auto,ravendb#dbdbio>|<dbengines#RavenDB,"Key-value,Document#dbdbio>|<dbengines#Document",,,,Hibernating Rhinos,IL,2009#dbdbio>|<dbengines#2010,,"Commercial,Open Source","AGPL v3#dbdbio>|<dbengines#AGPL version 3, commercial license available",ravendb/ravendb,Y,4.21,95
realm,realm,Realm,Realm,Normal,Y_auto,realm#dbdbio>|<dbengines#Realm,Object oriented#dbdbio>|<dbengines#Document,,,,"Realm#dbdbio>|<dbengines#Realm, acquired by MongoDB in May 2019",US,2011#dbdbio>|<dbengines#2014,,"Commercial,Open Source",Apache v2,realm/realm-core#dbdbio>|<dbengines#realm/realm-cocoa,Y,8.24,54
redb,redb,redb,,X_Never,Y_auto,redb,Key-value,,,,Christopher Berner,US,2018,,"Hobby,Open Source",Apache v2,cberner/redb,Y,,
redcon,redcon,Redcon,,X_Never,Y_auto,redcon,Key-value,,,,Josh Baker,US,2016,,"Hobby,Open Source",MIT,tidwall/redcon,Y,,
redis,redis,Redis,Redis,Normal,Y_auto,redis#dbdbio>|<dbengines#Redis,Key-value,,,,"Salvatore Sanfilippo#dbdbio>|<dbengines#Redis project core team, inspired by Salvatore Sanfilippo",IT,2009,2023,"Commercial,Open Source","BSD#dbdbio>|<dbengines#source-available extensions (modules), commercial licenses for Redis Enterprise",redis/redis,Y,173.83,6
redisql,redisql,RediSQL,,X_Never,Y_auto,redisql,Relational,,,,Red Beard Lab,IT,2016,,"Commercial,Open Source",AGPL v3,RedBeardLab/rediSQL,Y,,
redixdb,redixdb,RedixDB,,X_Never,Y_auto,redixdb,Key-value,,,,Mohammed Al Ashaal,EG,2018,,"Hobby,Open Source",,alash3al/redix,Y,,
redstore,redstore,RedStore,RedStore,Normal,Y_auto,redstore#dbdbio>|<dbengines#RedStore,RDF,,,,Nicholas Humfrey,GB,2009,,Open Source,GPL v3#dbdbio>|<dbengines#GPLv3,njh/redstore,Y,0.37,309
reductstore,reductstore,ReductStore,,X_Never,Y_auto,reductstore,Key-value,,,,,DE,2021,,"Commercial,Open Source",Mozilla Public License,reductstore/reductstore,Y,,
redwood,redwood,Redwood,,X_Never,Y_auto,redwood,Key-value,,,,Bryn Bellomy,US,2019,,"Hobby,Open Source",MIT,redwood/redwood,Y,,
refinedb,refinedb,RefineDB,,X_Never,Y_auto,refinedb,Document,,,,Heyang Zhou,CN,2021,,"Hobby,Open Source",MIT,losfair/RefineDB,Y,,
rel,rel,Rel,,X_Never,Y_auto,rel,Relational,,,,Dave Voorhis,GB,2004,,"Academic,Educational,Open Source",Apache v2,DaveVoorhis/Rel,Y,,
relaxo,relaxo,Relaxo,,X_Never,Y_auto,relaxo,Document,,,,Samuel Williams,NZ,2012,,Open Source,MIT,ioquatix/relaxo,Y,,
rethinkdb,rethinkdb,RethinkDB,RethinkDB,Normal,Y_auto,rethinkdb#dbdbio>|<dbengines#RethinkDB,Document,"Bash,C++,Java,JavaScript,Python",Custom API,Shared-Nothing,RethinkDB#dbdbio>|<dbengines#The Linux Foundation,US,2009,,Open Source,Apache v2#dbdbio>|<dbengines#Apache Version 2,rethinkdb/rethinkdb,Y,3.85,96
riak,riak,Riak,,Multiple:Normal,Y_ConflictResolved,riak,Key-value,Erlang,,,Basho Technologies,US,2010,,"Commercial,Open Source",Apache v2,basho/riak,Y,,
risinglight,risinglight,RisingLight,,X_Never,Y_auto,risinglight,Relational,Rust,SQL,Embedded,,US,2021,,"Educational,Open Source",Apache v2,risinglightdb/risinglight,Y,,
risingwave,risingwave,RisingWave,,X_Never,Y_auto,risingwave,Relational,Rust,SQL,Shared-Everything,RisingWave Labs,US,2021,,"Commercial,Open Source",Apache v2,risingwavelabs/risingwave,Y,,
rocksdb,rocksdb,RocksDB,RocksDB,Normal,Y_auto,rocksdb#dbdbio>|<dbengines#RocksDB,Key-value,"C,C++",Custom API,Embedded,"Facebook#dbdbio>|<dbengines#Facebook, Inc.",US,2012#dbdbio>|<dbengines#2013,,Open Source,Apache v2#dbdbio>|<dbengines#BSD,facebook/rocksdb,Y,4.47,91
roma,roma,ROMA,,X_Never,Y_auto,roma,Key-value,Ruby,Custom API,Shared-Nothing,"Rakuten, Inc.",JP,2009,,"Commercial,Open Source",,roma/roma,Y,,
rondb,rondb,RonDB,,X_Never,Y_auto,rondb,Key-value,C,"Custom API,SQL",Shared-Nothing,Logical Clocks,SE,2020,,"Commercial,Open Source",GPL v2,logicalclocks/rondb,Y,,
rosedb,rosedb,RoseDB,,X_Never,Y_auto,rosedb,Key-value,Go,Custom API,Shared-Everything,,CN,2020,,"Hobby,Open Source",MIT,roseduan/rosedb,Y,,
rqlite,rqlite,rqlite,,X_Never,Y_auto,rqlite,Relational,Go,"SQL,HTTP / REST",Embedded,Philip O'Toole,US,2014,,Open Source,MIT,rqlite/rqlite,Y,,
rxdb,rxdb,RxDB,,X_Never,Y_auto,rxdb,Document,JavaScript,"Custom API,GraphQL",,Daniel Van Meyer,DE,2016,,Open Source,Apache v2,pubkey/rxdb,Y,,
sapphiredb,sapphiredb,SapphireDb,,X_Never,Y_auto,sapphiredb,Object oriented,C#,"Custom API,HTTP / REST",,Morris Janatzek,DE,2018,,"Hobby,Open Source",MIT,SapphireDb/SapphireDb,Y,,
scalaris,scalaris,Scalaris,Scalaris,Normal,Y_auto,scalaris#dbdbio>|<dbengines#Scalaris,Key-value,Erlang,,,Zuse Institute Berlin,DE,2010,,"Academic,Open Source",Apache v2#dbdbio>|<dbengines#Apache Version 2,scalaris-team/scalaris,Y,0.82,237
scaliendb,scaliendb,ScalienDB,,X_Never,Y_auto,scaliendb,Key-value,C++,HTTP / REST,Shared-Nothing,Scalien,HU,2010,,"Commercial,Open Source",AGPL v3,scalien/scaliendb,Y,,
scylla,scylla,Scylla,,X_Never,Y_auto,scylla,"Wide column,Key-value",C++,Custom API,Shared-Nothing,ScyllaDB Inc.,IL,2014,,"Commercial,Open Source",AGPL v3,scylladb/scylla,Y,,
sdb,sdb,SDB,,X_Never,Y_auto,sdb,"Relational,Document",C,Custom API,Embedded,,ES,,,Open Source,MIT,radare/sdb,Y,,
seafowl,seafowl,Seafowl,,X_Never,Y_auto,seafowl,Relational,Rust,SQL,Shared-Everything,"Splitgraph, Inc.",GB,2022,,"Commercial,Open Source",Apache v2,splitgraph/seafowl,Y,,
senseidb,senseidb,SenseiDB,SenseiDB,Normal,Y_auto,senseidb#dbdbio>|<dbengines#SenseiDB,Relational#dbdbio>|<dbengines#Document,Java,Custom API,Shared-Nothing,"LinkedIn, Xiaomi",US,2012#dbdbio>|<dbengines#2010,,Open Source,Apache v2#dbdbio>|<dbengines#Apache Version 2,linkedin/sensei#dbdbio>|<dbengines#LinkedInAttic/sensei,Y,0.12,372
sequins,sequins,Sequins,,X_Never,Y_auto,sequins,Key-value,Go,,,Stripe,US,2014,,Open Source,MIT,stripe/sequins,Y,,
sequoiadb,sequoiadb,SequoiaDB,Sequoiadb,Normal,Y_auto,sequoiadb#dbdbio>|<dbengines#Sequoiadb,Document,C++,,,SequoiaDB Corporation#dbdbio>|<dbengines#Sequoiadb Ltd.,CN,2011#dbdbio>|<dbengines#2013,,"Commercial,Open Source",AGPL v3#dbdbio>|<dbengines#Server: AGPL; Client: Apache V2,SequoiaDB/SequoiaDB,Y,0.59,260
serenity,serenity,Serenity,,X_Never,Y_auto,serenity,,C,,,,RU,2015,,Open Source,,pmwkaa/serenity,Y,,
shardingsphere,shardingsphere,ShardingSphere,,X_Never,Y_auto,shardingsphere,Relational,Java,,,Apache,CN,2016,,Open Source,Apache v2,apache/shardingsphere,Y,,
silo,silo,Silo,,X_Never,Y_auto,silo,Relational,"C++,Python",,,"Stephen Tu, Eddie Kohler",US,2013,,"Academic,Open Source",MIT,stephentu/silo,Y,,
sirdb,sirdb,Sir.DB,,X_Never,Y_auto,sirdb,Document,JavaScript,,,Cris Stringfellow,HK,2020,,"Hobby,Open Source",MIT,c9fe/sirdb,Y,,
siridb,siridb,SiriDB,SiriDB,Normal,Y_auto,siridb#dbdbio>|<dbengines#SiriDB,Time Series,C,,,Cesbit,NL,2016#dbdbio>|<dbengines#2017,,"Commercial,Open Source",MIT#dbdbio>|<dbengines#MIT License,SiriDB/siridb-server,Y,0.19,356
sirixdb,sirixdb,SirixDB,,X_Never,Y_auto,sirixdb,Document,"Java,Kotlin",,,University of Konstanz,DE,2012,,"Academic,Open Source",BSD,sirixdb/sirix,Y,,
skeletondb,skeletondb,SkeletonDB,,X_Never,Y_auto,skeletondb,,Go,,,Tristan Rice,CA,2016,,Open Source,MIT,d4l3k/skeletondb,Y,,
sksql,sksql,SKSQL,,X_Never,Y_auto,sksql,Relational,TypeScript,,,Alex Raffy,ES,2021,,"Hobby,Open Source",MIT,alexraffy/sksql,Y,,
skytable,skytable,Skytable,Skytable,Normal,Y_auto,skytable#dbdbio>|<dbengines#Skytable,Key-value,Rust,,,"Skytable, Inc.",,2020,,Open Source,AGPL v3#dbdbio>|<dbengines#GNU AGPL 3.0,skytable/skytable,Y,0.4,300
sled,sled,Sled,,X_Never,Y_auto,sled,Key-value,Rust,,,Tyler Neely,"US,DE",2016,,Open Source,"Apache v2,,,MIT",spacejam/sled,Y,,
sleekdb,sleekdb,SleekDB,,X_Never,Y_auto,sleekdb,Document,PHP,,,,BD,2018,,Open Source,MIT,rakibtg/SleekDB,Y,,
slumber-db,slumber-db,Slumber DB,,X_Never,Y_auto,slumber-db,Key-value,Java,,,Richard Hightower,US,2014,,Open Source,Apache v2,RichardHightower/slumberdb,Y,,
sneller,sneller,Sneller,,X_Never,Y_auto,sneller,Document,Go,SQL,Shared-Disk,"Sneller, Inc.",US,2022,,"Commercial,Open Source",AGPL v3,SnellerInc/sneller,Y,,
solr,solr,Solr,Solr,Normal,Y_auto,solr#dbdbio>|<dbengines#Solr,Document#dbdbio>|<dbengines#Search engine,Java,Custom API,Shared-Nothing,Apache Software Foundation,US,2004#dbdbio>|<dbengines#2006,2023,Open Source,Apache v2#dbdbio>|<dbengines#Apache Version 2,apache/lucene-solr#dbdbio>|<dbengines#apache/solr,Y,45.88,24
sones-graphdb,sones-graphdb,sones GraphDB,,X_Never,Y_auto,sones-graphdb,Graph,C#,,,sones GmbH,DE,2007,,"Commercial,Open Source",AGPL v3,sones/sones,Y,,
sonnerie,sonnerie,Sonnerie,,X_Never,Y_auto,sonnerie,Relational,Rust,"HTTP / REST,Command-line / Shell",,Charles Samuels,US,,,Open Source,BSD,njaard/sonnerie,Y,,
spark-sql,spark-sql,Spark SQL,Spark SQL,Normal,Y_auto,spark-sql#dbdbio>|<dbengines#Spark SQL,Relational,,"Custom API,SQL",Shared-Nothing,Apache Software Foundation,US,2014,2022,Open Source,Apache v2#dbdbio>|<dbengines#Apache 2.0,apache/spark,Y,19.74,36
sparrowdb,sparrowdb,SparrowDB,,X_Never,Y_auto,sparrowdb,Key-value,Go,HTTP / REST,,SparrowDB,BR,2016,,Open Source,MIT,SparrowDb/sparrowdb,Y,,
sphinx,sphinx,Sphinx,Sphinx,Normal,Y_auto,sphinx#dbdbio>|<dbengines#Sphinx,Search engine,C++,,,Sphinx Technologies Inc.,US,2001,,"Commercial,Open Source","GPL v2#dbdbio>|<dbengines#GPL version 2, commercial licence available",sphinxsearch/sphinx,Y,6.63,64
spicedb,spicedb,SpiceDB,,X_Never,Y_auto,spicedb,Object oriented,Go,"Custom API,HTTP / REST",,Authzed,US,2021,,"Commercial,Open Source",Apache v2,authzed/spicedb,Y,,
splice-machine,splice-machine,Splice Machine,Splice Machine,Normal,Y_auto,splice-machine#dbdbio>|<dbengines#Splice Machine,Relational,Java,SQL,Shared-Disk,Splice Machine,US,2012#dbdbio>|<dbengines#2014,,"Commercial,Open Source","AGPL v3#dbdbio>|<dbengines#AGPL 3.0, commercial license available",splicemachine/spliceengine,Y,1.03,212
splinterdb,splinterdb,SplinterDB,,X_Never,Y_auto,splinterdb,Key-value,C,Custom API,Embedded,"VMware, Inc.",US,2018,,"Industrial Research,Open Source",Apache v2,vmware/splinterdb,Y,,
srch2,srch2,SRCH²,,X_Never,Y_auto,srch2,,C++,,,SRCH²,US,2010,,"Commercial,Open Source",Proprietary,SRCH2/srch2-ngn,Y,,
ssdb,ssdb,SSDB,,X_Never,Y_auto,ssdb,Key-value,C++,"Custom API,Command-line / Shell",Shared-Nothing,Zuyang Wu,CN,2013,,Open Source,BSD,ideawu/ssdb,Y,,
starrocks,starrocks,StarRocks,,X_Never,Y_auto,starrocks,Relational,C++,SQL,,StarRocks Labs,CN,2021,,"Commercial,Open Source",Elastic License v2,StarRocks/StarRocks,Y,,
stellarsql,stellarsql,StellarSQL,,X_Never,Y_auto,stellarsql,Relational,Rust,SQL,,An-Chi Liu,TW,2018,,"Hobby,Open Source",MIT,stellarsql/StellarSQL,Y,,
stig,stig,Stig,,X_Never,Y_auto,stig,Graph,C++,,Shared-Nothing,Tagged,US,2010,,Open Source,Apache v2,jssmith/stigdb,Y,,
stonedb,stonedb,StoneDB,,X_Never,Y_auto,stonedb,Relational,,SQL,,StoneAtom Ltd.,CN,2022,,"Commercial,Open Source",,StoneAtom/stonedb,Y,,
summitdb,summitdb,SummitDB,,X_Never,Y_auto,summitdb,Key-value,,Custom API,Shared-Nothing,,US,,,"Hobby,Open Source",MIT,tidwall/summitdb,Y,,
surrealdb,surrealdb,SurrealDB,SurrealDB,Normal,Y_auto,surrealdb#dbdbio>|<dbengines#SurrealDB,"Document,Graph#dbdbio>|<dbengines#Document",,"Custom API,SQL,HTTP / REST","Shared-Nothing,Embedded",SurrealDB Ltd,GB,2022,,"Commercial,Open Source",Business Source License,surrealdb/surrealdb,Y,0.51,278
swaydb,swaydb,SwayDB,SwayDB,Normal,Y_auto,swaydb#dbdbio>|<dbengines#SwayDB,Key-value,,Custom API,Embedded,Simer Plaha,AU,2018,,"Commercial,Open Source",AGPL v3#dbdbio>|<dbengines#GNU Affero GPL V3.0,simerplaha/SwayDB,Y,0.0,388
swc-db,swc-db,SWC-DB,SWC-DB,Normal,Y_auto,swc-db#dbdbio>|<dbengines#SWC-DB,"Wide column,Key-value#dbdbio>|<dbengines#Wide column",,"Custom API,SQL,Command-line / Shell",Shared-Nothing,Alex Kashirin,IL,2020,,"Commercial,Open Source","GPL v3,,,Proprietary#dbdbio>|<dbengines#GPL V3",kashirin-alex/swc-db,Y,0.02,383
sylvadb,sylvadb,SylvaDB,,X_Never,Y_auto,sylvadb,Graph,,,,,CA,,,"Academic,Open Source",AGPL v3,CulturePlex/Sylva,Y,,
tabdb,tabdb,TabDB,,X_Never,Y_auto,tabdb,Relational,,SQL,,,US,,,"Hobby,Open Source",,kkuchta/tabdb,Y,,
taffydb,taffydb,TaffyDB,,X_Never,Y_auto,taffydb,Document,,,Embedded,,US,,,Open Source,MIT,typicaljoe/taffydb,Y,,
tarantool,tarantool,Tarantool,Tarantool,Normal,Y_auto,tarantool#dbdbio>|<dbengines#Tarantool,Key-value,,"Custom API,Stored Procedures,Command-line / Shell",Shared-Nothing,VK,RU,2008,,"Commercial,Open Source",BSD,tarantool/tarantool,Y,1.87,151
tdengine,tdengine,TDengine,TDengine,Normal,Y_auto,tdengine#dbdbio>|<dbengines#TDengine,Relational#dbdbio>|<dbengines#Time Series,,"Custom API,SQL,HTTP / REST,Command-line / Shell",Shared-Nothing,"TDEngine, previously Taos Data",CN,2019,,"Commercial,Open Source","AGPL v3#dbdbio>|<dbengines#GPL V3, also commercial editions available",taosdata/TDengine,Y,2.4,130
tendis,tendis,Tendis,,X_Never,Y_auto,tendis,Key-value,,Custom API,Shared-Nothing,,CN,,,Open Source,GPL v3,Tencent/Tendis,Y,,
tensorbase,tensorbase,TensorBase,,X_Never,Y_auto,tensorbase,Relational,,SQL,Shared-Disk,,CN,,,Open Source,Apache v2,tensorbase/tensorbase,Y,,
tera,tera,Tera,,X_Never,Y_auto,tera,Wide column,,SQL,Shared-Disk,,CN,,,"Commercial,Open Source",BSD,baidu/tera,Y,,
terarkdb,terarkdb,TerarkDB,TerarkDB,Normal,Y_auto,terarkdb#dbdbio>|<dbengines#TerarkDB,Key-value,,Custom API,Embedded,Terark,CN,2016,,Open Source,Apache v2#dbdbio>|<dbengines#restricted open source version available,bytedance/terarkdb,Y#dbdbio>|<dbengines#N,0.25,337
terminusdb,terminusdb,TerminusDB,TerminusDB,Normal,Y_auto,terminusdb#dbdbio>|<dbengines#TerminusDB,"Document,Graph,RDF#dbdbio>|<dbengines#Graph",,"Custom API,Datalog",,DataChemist Ltd.,IE,2018,,"Commercial,Open Source",GPL v3#dbdbio>|<dbengines#GPL V3,terminusdb/terminusdb,Y,0.34,315
thinksql,thinksql,ThinkSQL,,X_Never,Y_auto,thinksql,Relational,Pascal,SQL,,,GB,2000,,"Commercial,Open Source",,ggaughan/ThinkSQL,Y,,
tidb,tidb,TiDB,TiDB,Normal,Y_auto,tidb#dbdbio>|<dbengines#TiDB,Key-value#dbdbio>|<dbengines#Relational,Go,SQL,,"PingCAP#dbdbio>|<dbengines#PingCAP, Inc.",CN,2015#dbdbio>|<dbengines#2016,2023,"Commercial,Open Source",Apache v2#dbdbio>|<dbengines#Apache 2.0,pingcap/tidb,Y,3.01,108
tiedot,tiedot,tiedot,,X_Never,Y_auto,tiedot,Document,Go,,,Howard Guo,FI,2013,,Open Source,BSD,HouzuoGuo/tiedot,Y,,
tieredmemdb,tieredmemdb,TieredMemDB,,X_Never,Y_auto,tieredmemdb,,,Command-line / Shell,,Intel,PL,2020,,"Industrial Research,Open Source",,TieredMemDB/TieredMemDB,Y,,
tigerbeetle,tigerbeetle,TigerBeetle,,X_Never,Y_auto,tigerbeetle,Relational,Zig,Custom API,,"Coil Technologies, Inc.",ZA,2020,,Open Source,Apache v2,coilhq/tigerbeetle,Y,,
tikv,tikv,TiKV,,X_Never,Y_auto,tikv,Key-value,Rust,Custom API,,Cloud Nature Computing Foundation (CNCF),CN,2016,,Open Source,Apache v2,tikv/tikv,Y,,
tile38,tile38,Tile38,,X_Never,Y_auto,tile38,,Go,"Custom API,HTTP / REST",,Josh Baker,US,2016,,Open Source,MIT,tidwall/tile38,Y,,
tiledb,tiledb,TileDB,,X_Never,Y_auto,tiledb,Array,C++,"Custom API,SQL",,"TileDB Inc, Intel Labs",US,2017,,"Commercial,Open Source",MIT,TileDB-Inc/TileDB,Y,,
timbala,timbala,Timbala,,X_Never,Y_auto,timbala,Relational,Go,"HTTP / REST,PromQL",,Matt Bostock,GB,2016,2018,"Hobby,Open Source",Apache v2,mattbostock/timbala,Y,,
tingodb,tingodb,TingoDB,,X_Never,Y_auto,tingodb,Document,JavaScript,Custom API,,PushOk Software,RU,2013,,Open Source,MIT,sergeyksv/tingodb,Y,,
tinybase,tinybase,TinyBase,,X_Never,Y_auto,tinybase,Relational,TypeScript,Custom API,,James Pearce,US,2021,,Open Source,MIT,tinyplex/tinybase,Y,,
tinydb,tinydb,TinyDB,,X_Never,Y_auto,tinydb,Document,Python,Custom API,,Markus Siemens,DE,2013,,Open Source,MIT,msiemens/tinydb,Y,,
titan-nosql,titan-nosql,Titan,,X_Never,Y_auto,titan-nosql,,Go,,,"Meitu, Inc.",CN,2018,,"Hobby,Open Source",Apache v2,meitu/titan,Y,,
titan,titan,Titan,,X_Never,Y_auto,titan,Graph,Java,Gremlin,,Aurelius,,2012,2015,Open Source,Apache v2,thinkaurelius/titan,Y,,
tokudb,tokudb,TokuDB,,X_Never,Y_auto,tokudb,Relational,,,,Percona,US,2009,,"Commercial,Open Source",GPL v2,percona/tokudb-engine,Y,,
tokumx,tokumx,TokuMX,,X_Never,Y_auto,tokumx,,,,,Tokutek,US,,,"Commercial,Open Source","AGPL v3,Apache v2,GPL v2",Tokutek/mongo,Y,,
tomp2p,tomp2p,TomP2P,TomP2P,Normal,Y_auto,tomp2p#dbdbio>|<dbengines#TomP2P,Key-value,,,,Thomas Bocek,CH,2004,,Open Source,Apache v2#dbdbio>|<dbengines#Apache Version 2,tomp2p/TomP2P,Y,0.19,356
torodb,torodb,ToroDB,ToroDB,Normal,Y_auto,torodb#dbdbio>|<dbengines#ToroDB,Document,,,,8Kdata,ES,2016,,Open Source,AGPL v3#dbdbio>|<dbengines#AGPL-V3,torodb/server,Y,0.26,334
trafodion,trafodion,Trafodion,Trafodion,Normal,Y_auto,trafodion#dbdbio>|<dbengines#Trafodion,Relational,,,,"Hewlett-Packard Company#dbdbio>|<dbengines#Apache Software Foundation, originally developed by HP",US,2014,2019,Open Source,Apache v2#dbdbio>|<dbengines#Apache 2.0,apache/trafodion,Y,0.64,256
traildb,traildb,TrailDB,,X_Never,Y_auto,traildb,,,,,AdRoll Inc.,US,,,"Commercial,Open Source",MIT,traildb/traildb,Y,,
treodedb,treodedb,TreodeDB,,X_Never,Y_auto,treodedb,,,,,"Treode, Inc.",US,,,"Commercial,Open Source",Apache v2,Treode/store,Y,,
trino,trino,Trino,Trino,Normal,Y_auto,trino#dbdbio>|<dbengines#Trino,Relational,,,,Trino Software Foundation,US,2012,,Open Source,Apache v2#dbdbio>|<dbengines#Apache Version 2.0,trinodb/trino,Y,4.8,84
trousseau,trousseau,Trousseau,,X_Never,Y_auto,trousseau,,,,,Théo Crevon,DE,,,Open Source,MIT,oleiade/trousseau,Y,,
ts-sql,ts-sql,ts-sql,,X_Never,Y_auto,ts-sql,,,,,Charles Pick,GB,,,"Hobby,Open Source",,codemix/ts-sql,Y,,
typedb,typedb,TypeDB,TypeDB,Normal,Y_auto,typedb#dbdbio>|<dbengines#TypeDB,Graph,,,,Vaticle#dbdbio>|<dbengines#Vaticle  (formerly Grakn Labs),GB,2016,,"Commercial,Open Source","AGPL v3#dbdbio>|<dbengines#GPL Version 3, commercial licenses available",vaticle/typedb,Y,1.39,182
typhoon,typhoon,Typhoon,,X_Never,Y_auto,typhoon,,,,,"Thomas B. Pedersen, Kaz Kylheku",DK,,,Open Source,MIT,jonahharris/osdb-typhoon,Y,,
unqlite,unqlite,UnQLite,,X_Never,Y_auto,unqlite,,,,,Symisc Systems,TN,,,"Commercial,Open Source",,symisc/unqlite,Y,,
upscaledb,upscaledb,upscaledb,Upscaledb,Normal,Y_auto,upscaledb#dbdbio>|<dbengines#Upscaledb,Key-value,,,,Christoph Rupp,DE,2007,,"Commercial,Open Source",Apache v2#dbdbio>|<dbengines#Apache Version 2,cruppstahl/upscaledb,Y,0.33,320
vanilladb,vanilladb,VanillaDB,,X_Never,Y_auto,vanilladb,,,,,National Tsing Hua University,TW,,,"Academic,Open Source",Apache v2,vanilladb/vanillacore,Y,,
vectorsql,vectorsql,VectorSQL,,X_Never,Y_auto,vectorsql,,,,,Bohu Tang,CN,,,"Hobby,Open Source",Apache v2,vectorengine/vectorsql,Y,,
velox,velox,Velox,,X_Never,Y_auto,velox,,,,,Facebook,US,,,"Industrial Research,Open Source",Apache v2,facebookincubator/velox,Y,,
veloxdb,veloxdb,VeloxDB,,X_Never,Y_auto,veloxdb,,,,,VeloxDB,RS,,,"Commercial,Open Source",MIT,VeloxDB/VeloxDB,Y,,
vertexdb,vertexdb,VertexDB,,X_Never,Y_auto,vertexdb,Graph,,,,"Steve Dekorte, Rich Collins",US,,,"Hobby,,,Open Source",,stevedekorte/vertexdb,Y,,
vespa,vespa,Vespa,,X_Never,Y_auto,vespa,Document,,,,Yahoo!,NO,,,Open Source,,vespa-engine/vespa,Y,,
victoriametrics,victoriametrics,VictoriaMetrics,VictoriaMetrics,Normal,Y_auto,victoriametrics#dbdbio>|<dbengines#VictoriaMetrics,Wide column#dbdbio>|<dbengines#Time Series,,,,VictoriaMetrics,UA,2018,,Open Source,Apache Version 2.0,VictoriaMetrics/VictoriaMetrics,Y,0.99,219
vitess,vitess,Vitess,,X_Never,Y_auto,vitess,Relational,,,,Youtube,US,,,Open Source,,vitessio/vitess,Y,,
viyadb,viyadb,ViyaDB,,X_Never,Y_auto,viyadb,,,,,Michael Spector,IL,,,Open Source,,viyadb/viyadb,Y,,
voldemort,voldemort,Voldemort,Project Voldemort,Fuzzy:Normal,Y,voldemort#dbdbio>|<dbengines#Project Voldemort,Key-value,,,,LinkedIn,US,2009,2017,Open Source,Apache version 2,voldemort/voldemort,Y,0.57,264
voltdb,voltdb,VoltDB,VoltDB,Normal,Y_auto,voltdb#dbdbio>|<dbengines#VoltDB,Relational,,,,VoltDB#dbdbio>|<dbengines#VoltDB Inc.,US,2010,,"Commercial,Open Source","AGPL for Community Edition, commercial license for Enterprise, AWS, and Pro Editions",VoltDB/voltdb,Y,2.29,134
vsql,vsql,vsql,,X_Never,Y_auto,vsql,Relational,,,,Elliot Chance,US,,,"Hobby,Open Source",,elliotchance/vsql,Y,,
warp-10,warp-10,Warp 10,Warp 10,Normal,Y_auto,warp-10#dbdbio>|<dbengines#Warp 10,Time Series,,,,SenX S.A.S.#dbdbio>|<dbengines#SenX,FR,2015,,"Commercial,Open Source",Apache License 2.0,senx/warp10-platform,Y,0.05,378
weaviate,weaviate,Weaviate,Weaviate,Normal,Y_auto,weaviate#dbdbio>|<dbengines#Weaviate,Array#dbdbio>|<dbengines#Search engine,,,,SeMI Technologies#dbdbio>|<dbengines#SeMI Technologies B.V.,NL,2019,2022,"Commercial,Open Source",commercial license available with Weaviate Enterprise,semi-technologies/weaviate,Y,0.41,295
webscalesql,webscalesql,WebScaleSQL,,X_Never,Y_auto,webscalesql,,,,,"Facebook, Google, LinkedIn, Twitter, Alibaba Group","US,CN",,,Open Source,,webscalesql/webscalesql-5.6,Y,,
whitedb,whitedb,WhiteDB,WhiteDB,Normal,Y_auto,whitedb#dbdbio>|<dbengines#WhiteDB,Network#dbdbio>|<dbengines#Document,,,,"Priit Järv, Tanel Tammet",EE,2008,,"Hobby,Open Source",GPL V3,priitj/whitedb,Y,0.19,356
wiredtiger,wiredtiger,WiredTiger,,X_Never,Y_auto,wiredtiger,Key-value,,,,WiredTiger Inc.,"US,AU",,,"Commercial,Open Source",,wiredtiger/wiredtiger,Y,,
wonderdb,wonderdb,WonderDB,,X_Never,Y_auto,wonderdb,Relational,,,,Vilas Athavale,US,,,"Hobby,Open Source",,dreamdbvilas/wonderdb,Y,,
xap,xap,XAP,,X_Never,Y_auto,xap,Key-value,,,,GigaSpaces,US,,,"Commercial,Open Source",,xap/xap,Y,,
xodus,xodus,Xodus,,X_Never,Y_auto,xodus,Document,,,,JetBrains,RU,,,Open Source,,JetBrains/xodus,Y,,
xtdb,xtdb,XTDB,XTDB,Normal,Y_auto,xtdb#dbdbio>|<dbengines#XTDB,Document,,,,JUXT#dbdbio>|<dbengines#Juxt Ltd.,GB,2019,2021,"Commercial,Open Source",MIT License,xtdb/xtdb,Y,0.18,361
ydb,ydb,YDB,YDB,Normal,Y_auto,ydb#dbdbio>|<dbengines#YDB,Relational#dbdbio>|<dbengines#Document,,,,Yandex,RU,2019,,"Commercial,Open Source",Apache 2.0; commercial license available,ydb-platform/ydb,Y,0.54,271
yottadb,yottadb,YottaDB,,X_Never,Y_auto,yottadb,Key-value,C,Custom API,Embedded,"YottaDB, LLC",US,2001,,"Commercial,Open Source",AGPL v3,YottaDB/YDB,Y,,
yugabytedb,yugabytedb,YugabyteDB,YugabyteDB,Normal,Y_auto,yugabytedb#dbdbio>|<dbengines#YugabyteDB,"Relational,Key-value#dbdbio>|<dbengines#Relational",C++,"Custom API,PL/SQL",Shared-Nothing,"Yugabyte, Inc.#dbdbio>|<dbengines#Yugabyte Inc.",US,2016#dbdbio>|<dbengines#2017,,"Commercial,Open Source",Apache v2#dbdbio>|<dbengines#Apache 2.0,yugabyte/yugabyte-db,Y,4.38,93
zerodb,zerodb,ZeroDB,,X_Never,Y_auto,zerodb,Document,Python,Custom API,,ZeroDB Inc.,US,2015,,"Commercial,Open Source",AGPL v3,zerodb/zerodb,Y,,
zodb,zodb,ZODB,ZODB,Normal,Y_auto,zodb#dbdbio>|<dbengines#ZODB,Object oriented#dbdbio>|<dbengines#Key-value,Python,Custom API,Shared-Everything,Zope Foundation,US,2002#dbdbio>|<dbengines#2009,,Open Source,Zope Public License,zopefoundation/ZODB,Y,1.44,176
zoodb,zoodb,ZooDB,,X_Never,Y_auto,zoodb,Object oriented,Java,Custom API,,Tilmann Zäschke,CH,2008,,Open Source,GPL v3,tzaeschke/zoodb,Y,,
zookeeper,zookeeper,Zookeeper,,X_Never,Y_auto,zookeeper,Hierarchical,Java,Command-line / Shell,Shared-Nothing,Apache Foundation,US,2008,,Open Source,Apache v2,apache/zookeeper,Y,,
postgresql,,,PostgreSQL,Y_Never,Y_auto,PostgreSQL,Relational,,,,PostgreSQL Global Development Group,,1989,2023,,BSD,postgres/postgres,Y,616.5,4
sqlite,,,SQLite,Y_Never,Y_auto,SQLite,Relational,,,,Dwayne Richard Hipp,,2000,2023,,Public Domain,sqlite/sqlite,Y,132.67,9
snowflake,,,Snowflake,Y_Never,Y_auto,Snowflake,Relational,,,,Snowflake Computing Inc.,,2014,,,,twitter-archive/snowflake,N,115.65,12
hive,,,Hive,Y_Never,Y_auto,Hive,Relational,,,,Apache Software Foundation,,2012,2022,,Apache Version 2,apache/hive,Y,72.12,17
databricks,,,Databricks,Y_Never,Y_auto,Databricks,Document,,,,Databricks,,2013,,,,databricks/dbt-databricks,Y,60.33,19
hbase,,,HBase,Y_Never,Y_auto,HBase,Wide column,,,,Apache Software Foundation,,2008,2021,,Apache version 2,apache/hbase,Y,38.41,26
postgis,,,PostGIS,Y_Never,Y_auto,PostGIS,Spatial DBMS,,,,,,2005,2022,,GPL v2.0,postgis/postgis,Y,29.81,28
presto,,,Presto,Y_Never,Y_auto,Presto,Relational,,,,Facebook; Presto Foundation,,2013,,,Apache 2.0,prestodb/presto,Y,14.12,43
google-cloud-firestore,,,Google Cloud Firestore,Y_Never,Y_auto,Google Cloud Firestore,Document,,,,Google,,2017,,,,googleapis/python-firestore,N,11.51,45
opensearch,,,OpenSearch,Y_Never,Y_auto,OpenSearch,Search engine,,,,Amazon Web Services,,2021,2023,,Apache Version 2.0,opensearch-project/OpenSearch,Y,10.49,47
marklogic,,,MarkLogic,Y_Never,Y_auto,MarkLogic,Document,,,,MarkLogic Corp.,,2001,2022,,restricted free version is available,marklogic/marklogic-data-hub,N,8.84,51
graphite,,,Graphite,Y_Never,Y_auto,Graphite,Time Series,,,,Chris Davis,,2006,,,Apache 2.0,graphite-project/graphite-web,Y,6.75,63
virtuoso,,,Virtuoso,Y_Never,Y_auto,Virtuoso,Document,,,,OpenLink Software,,1998,,,"GPLv2, extended commercial license available",openlink/virtuoso-opensource,Y,6.11,69
ingres,,,Ingres,Y_Never,Y_auto,Ingres,Relational,,,,Actian Corporation,,1974,,,,fosslc/Ingres,N,5.94,72
scylladb,,,ScyllaDB,Y_Never,Y_auto,ScyllaDB,Wide column,,,,ScyllaDB,,2015,,,"Open Source (AGPL), commercial license available",scylladb/scylla,Y,5.63,77
adabas,,,Adabas,Y_Never,Y_auto,Adabas,Multivalue,,,,Software AG,,1971,,,,jrmarino/AdaBase,N,5.13,81
hypersql,,,HyperSQL,Y_Never,Y_auto,HyperSQL,Relational,,,,,,2001,,,based on BSD license,ryenus/hsqldb,Y,4.92,83
timescaledb,,,TimescaleDB,Y_Never,Y_auto,TimescaleDB,Time Series,,,,Timescale,,2017,,,Apache 2.0,timescale/timescaledb,Y,4.51,88
oracle-nosql,,,Oracle NoSQL,Y_Never,Y_auto,Oracle NoSQL,Document,,,,Oracle,,2011,,,"Proprietary for Enterprise Edition (Oracle Database EE license has Oracle NoSQL database EE covered:,details,)",oracle/nosql-go-sdk,Y,3.7,98
leveldb,,,LevelDB,Y_Never,Y_auto,LevelDB,Key-value,,,,Google,,2011,,,BSD,google/leveldb,Y,3.55,99
rrdtool,,,RRDtool,Y_Never,Y_auto,RRDtool,Time Series,,,,Tobias Oetiker,,1999,2022,,GPL V2 and FLOSS,oetiker/rrdtool-1.x,Y,3.0,110
apache-phoenix,,,Apache Phoenix,Y_Never,Y_auto,Apache Phoenix,Relational,,,,Apache Software Foundation,,2014,2019,,Apache Version 2.0,apache/phoenix,Y,2.97,112
lmdb,,,LMDB,Y_Never,Y_auto,LMDB,Key-value,,,,Symas,,2011,2021,,,LMDB/lmdb,Y,2.86,113
oracle-coherence,,,Oracle Coherence,Y_Never,Y_auto,Oracle Coherence,Key-value,,,,Oracle,,2007,2016,,,oracle/coherence,N,2.83,115
heavyai,,,HEAVY.AI,Y_Never,Y_auto,HEAVY.AI,Relational,,,,"HEAVY.AI, Inc.",,2016,,,Apache Version 2; enterprise edition available,heavyai/heavydb,Y,2.68,123
geode,,,Geode,Y_Never,Y_auto,Geode,Key-value,,,,Originally developed by Gemstone. They outsourced the project to Apache in 2015 but still deliver a commercial version as Gemfire.,,2002,,,Apache Version 2; commercial licenses available as Gemfire,apache/geode,Y,2.52,124
gridgain,,,GridGain,Y_Never,Y_auto,GridGain,Key-value,,,,"GridGain Systems, Inc.",,2007,,,,gridgain/gridgain,N,2.41,129
spatialite,,,SpatiaLite,Y_Never,Y_auto,SpatiaLite,Spatial DBMS,,,,Alessandro Furieri,,2008,,,"MPL 1.1, GPL v2.0 or LGPL v2.1",illarionov/SpatiaLite,Y,2.25,135
nebulagraph,,,NebulaGraph,Y_Never,Y_auto,NebulaGraph,Graph,,,,Vesoft Inc.,,2019,,,Apache Version 2.0 + Common Clause 1.0,vesoft-inc/nebula,Y,1.79,154
sqljs,,,SQL.JS,Y_Never,Y_auto,SQL.JS,Relational,,,,Alon Zakai,,2012,,,,sql-js/sql.js,Y,1.62,165
giraph,,,Giraph,Y_Never,Y_auto,Giraph,Graph,,,,,,2013,,,Apache Version 2,apache/giraph,Y,1.59,169
msql,,,mSQL,Y_Never,Y_auto,mSQL,Relational,,,,Hughes Technologies,,1994,,,free licenses can be provided,-,N,1.51,173
gtm,,,GT.M,Y_Never,Y_auto,GT.M,Key-value,,,,,,1986,,,,-,N,1.42,178
opengauss,,,openGauss,Y_Never,Y_auto,openGauss,Relational,,,,Huawei and openGauss community,,2019,,,,opengauss-mirror/openGauss-server,Y,1.31,188
perst,,,Perst,Y_Never,Y_auto,Perst,Object oriented,,,,,,2003,,,commercial license available,The-Alchemist/perst,Y,1.3,189
matisse,,,Matisse,Y_Never,Y_auto,Matisse,Object oriented,,,,Matisse  Software Inc.,,1986,,,free developer license available,zhihu/Matisse,N,1.27,192
eventstoredb,,,EventStoreDB,Y_Never,Y_auto,EventStoreDB,Event,,,,Event Store Limited,,2012,,,,EventStore/EventStore,Y,1.27,193
rdf4j,,,RDF4J,Y_Never,Y_auto,RDF4J,RDF,,,,"Since 2016 officially forked into an Eclipse project,  former developer was Aduna Software.",,2004,,,"Eclipse Distribution License (EDL), v1.0.",eclipse/rdf4j,Y,1.26,194
xapian,,,Xapian,Y_Never,Y_auto,Xapian,Search engine,,,,,,1986,,,GPLv2,xapian/xapian,Y,1.19,197
sedna,,,Sedna,Y_Never,Y_auto,Sedna,Native XML,,,,,,2006,,,Apache Version 2,sedna/sedna,Y,1.13,201
graph-engine,,,Graph Engine,Y_Never,Y_auto,Graph Engine,Graph,,,,Microsoft,,2010,,,MIT License,microsoft/GraphEngine,Y,1.08,208
scidb,,,SciDB,Y_Never,Y_auto,SciDB,Multivalue,,,,Paradigm4,,2008,,,,cran/scidb,Y,1.02,216
geomesa,,,GeoMesa,Y_Never,Y_auto,GeoMesa,Spatial DBMS,,,,CCRi and others,,2014,,,Apache License 2.0,geomesa/geomesa-geoserver,Y,0.94,225
tajo,,,Tajo,Y_Never,Y_auto,Tajo,Relational,,,,Apache Software Foundation,,2012,,,Apache Version 2,apache/tajo,Y,0.71,248
rasdaman,,,Rasdaman,Y_Never,Y_auto,Rasdaman,Multivalue,,,,,,1998,2019,,extended commercial license available,dioptre/rasdaman,Y,0.71,250
postgres-xl,,,Postgres-XL,Y_Never,Y_auto,Postgres-XL,Relational,,,,,,2014,2018,,Mozilla public license,Postgres-XL/Postgres-XL,Y,0.71,251
strabon,,,Strabon,Y_Never,Y_auto,Strabon,RDF,,,,,,2011,,,Mozilla public license,esarbanis/strabon,Y,0.68,253
elassandra,,,Elassandra,Y_Never,Y_auto,Elassandra,Wide column,,,,,,,,,Apache Version 2.0,strapdata/elassandra,Y,0.63,257
atoti,,,atoti,Y_Never,Y_auto,atoti,Object oriented,,,,ActiveViam,,,,,free versions available,atoti/atoti,N,0.62,258
openqm,,,OpenQM,Y_Never,Y_auto,OpenQM,Multivalue,,,,Martin Phillips,,1993,,,"GPLv2, extended commercial license available",gregjurman/openqm,Y,0.59,261
tokyo-tyrant,,,Tokyo Tyrant,Y_Never,Y_auto,Tokyo Tyrant,Key-value,,,,Mikio  Hirabayashi,,2007,,,GPL,hthetiot/Tokyo-Tyrant,Y,0.58,263
redland,,,Redland,Y_Never,Y_auto,Redland,RDF,,,,,,2000,,,"Multi License (LGPL, GPLv2, Apache V2)",dajobe/librdf,Y,0.51,277
hugegraph,,,HugeGraph,Y_Never,Y_auto,HugeGraph,Graph,,,,Baidu,,2018,,,Apache Version 2.0,apache/incubator-hugegraph,Y,0.45,287
typesense,,,Typesense,Y_Never,Y_auto,Typesense,Search engine,,,,,,2015,,,GPL V3,typesense/typesense,Y,0.41,293
tinkergraph,,,TinkerGraph,Y_Never,Y_auto,TinkerGraph,Graph,,,,,,2009,,,Apache 2.0,apache/tinkerpop,Y,0.38,303
cubicweb,,,CubicWeb,Y_Never,Y_auto,CubicWeb,RDF,,,,Logilab,,2001,,,L-GPL,-,Y,0.38,304
speedb,,,Speedb,Y_Never,Y_auto,Speedb,Key-value,,,,Speedb,,2020,,,,speedb-io/speedb,N,0.35,313
stsdb,,,STSdb,Y_Never,Y_auto,STSdb,Key-value,,,,STS Soft SC,,2011,,,"GPLv2, commercial license available",STSSoft/STSdb4,Y,0.33,317
neventstore,,,NEventStore,Y_Never,Y_auto,NEventStore,Event,,,,,,2011,,,MIT-License,NEventStore/NEventStore,Y,0.33,319
sitewhere,,,SiteWhere,Y_Never,Y_auto,SiteWhere,Time Series,,,,SiteWhere,,2010,,,Common Public Attribution License Version 1.0,sitewhere/sitewhere,Y,0.27,332
acebase,,,Acebase,Y_Never,Y_auto,Acebase,Document,,,,,,2018,,,MIT License,appy-one/acebase,Y,0.26,335
dydra,,,Dydra,Y_Never,Y_auto,Dydra,RDF,,,,,,2010,,,,dydra/dydra,N,0.25,336
hyperleveldb,,,HyperLevelDB,Y_Never,Y_auto,HyperLevelDB,Key-value,,,,,,2010,,,,rescrv/HyperLevelDB,Y,0.25,337
iboxdb,,,iBoxDB,Y_Never,Y_auto,iBoxDB,Document,,,,,,2013,,,,iboxdb/ftserver,Y,0.25,337
raptordb,,,RaptorDB,Y_Never,Y_auto,RaptorDB,Document,,,,,,,,,Apache Version 2,mgholam/RaptorDB-Document,Y,0.24,343
h2gis,,,H2GIS,Y_Never,Y_auto,H2GIS,Spatial DBMS,,,,CNRS,,2013,,,LGPL 3.0,orbisgis/h2gis,Y,0.2,351
hawkular-metrics,,,Hawkular Metrics,Y_Never,Y_auto,Hawkular Metrics,Time Series,,,,Community supported by Red Hat,,2014,,,Apache 2.0,hawkular/hawkular-metrics,Y,0.2,353
siaqodb,,,Siaqodb,Y_Never,Y_auto,Siaqodb,Object oriented,,,,,,,,,,morecraf/Siaqodb,N,0.19,354
qdrant,,,Qdrant,Y_Never,Y_auto,Qdrant,Search engine,,,,Qdrant,,2021,,,Apache Version 2.0,qdrant/qdrant,Y,0.18,362
hgraphdb,,,HGraphDB,Y_Never,Y_auto,HGraphDB,Graph,,,,,,2016,,,Apache 2.0,rayokota/hgraphdb,Y,0.13,369
badger,,,Badger,Y_Never,Y_auto,Badger,Key-value,,,,DGraph Labs,,2017,,,Apache 2.0,dgraph-io/badger,Y,0.12,371
kyoto-tycoon,,,Kyoto Tycoon,Y_Never,Y_auto,Kyoto Tycoon,Key-value,,,,,,2009,,,GPL,AlticeLabsProjects/kyoto,Y,0.06,376
smallsql,,,SmallSQL,Y_Never,Y_auto,SmallSQL,Relational,,,,,,2005,,,L-GPL,CptTZ/SmallSQL,Y,0.04,379
resin-cache,,,Resin Cache,Y_Never,Y_auto,Resin Cache,Key-value,,,,,,1998,,,"GPLv3, extended commercial license available",dlitz/resin,Y,0.03,382
bergdb,,,BergDB,Y_Never,Y_auto,BergDB,Key-value,,,,,,2013,,,Gnu Affero General Public License (AGPL),bergdb/bergdb,Y,0.0,389
cachelotio,,,Cachelot.io,Y_Never,Y_auto,Cachelot.io,Key-value,,,,,,2015,,,Simplified BSD License,cachelot/cachelot,Y,0.0,389
jaguardb,,,JaguarDB,Y_Never,Y_auto,JaguarDB,Key-value,,,,"DataJaguar,  Inc.",,2015,,,GPL V3.0,datajaguar/jaguardb,Y,0.0,389
newts,,,Newts,Y_Never,Y_auto,Newts,Time Series,,,,OpenNMS Group,,2014,,,Apache 2.0,OpenNMS/newts,Y,0.0,389
nsdb,,,NSDb,Y_Never,Y_auto,NSDb,Time Series,,,,,,2017,,,Apache Version 2.0,radicalbit/NSDb,Y,0.0,389
tkrzw,,,Tkrzw,Y_Never,Y_auto,Tkrzw,Key-value,,,,Mikio Hirabayashi,,2020,,,Apache Version 2.0,estraier/tkrzw,Y,0.0,389
transwarp-stellardb,,,Transwarp StellarDB,Y_Never,Y_auto,Transwarp StellarDB,Graph,,,,Transwarp,,,,,,stellardb/StellarDB,N,0.0,389
percona-server-for-mongodb,,,Percona Server for MongoDB,:Y_Never,Y_ConflictResolved,Percona Server for MongoDB,Document,,,,Percona,,2015,2017,,GPL Version 2,percona/percona-server-mongodb,Y,0.56,265
riak-kv,,,Riak KV,:Y_Never,Y_ConflictResolved,Riak KV,Key-value,,,,Basho Technologies,,2009,,,"Apache version 2, commercial enterprise edition",basho/riak_kv,Y,5.14,80
riak-ts,,,Riak TS,:Y_Never,Y_ConflictResolved,Riak TS,Time Series,,,,Basho Technologies,,2015,,,,basho-labs/Riak-TS-JDBC-Driver,Y,0.41,296
