DBMS,category_label,Multi_model_info,DBMS_insitelink,has_github_repo,has_company,github_repo_link,Score_Jan-2024,Rank_Jan-2024,org_name,repo_name,Developer,initial_release_recalc,current_release_recalc,open_source_license,License_info,cloud_based_only_recalc,Content,Document,Event,Graph,Key-value,Multivalue,Native XML,Navigational,Object oriented,RDF,Relational,Search engine,Spatial DBMS,Time Series,Vector,Wide column,Vector DBMS,DBMS_urnform
Oracle,Relational,"Relational DBMS,Document store,Graph DBMS,RDF store,Spatial DBMS",https://db-engines.com/en/system/Oracle,N,Y,-,1247.49,1,-,-,Oracle,1980,2021,N,restricted free version is available,N,0,1,0,1,0,0,0,0,0,1,1,0,1,0,0,0,0.0,oracle
MySQL,Relational,"Relational DBMS,Document store,Spatial DBMS",https://db-engines.com/en/system/MySQL,Y,Y,mysql/mysql-server,1123.46,2,mysql,mysql-server,Oracle,1995,2024,Y,GPL version 2. Commercial licenses with extended functionallity are available,N,0,1,0,0,0,0,0,0,0,0,1,0,1,0,0,0,0.0,mysql
Microsoft SQL Server,Relational,"Relational DBMS,Document store,Graph DBMS,Spatial DBMS",https://db-engines.com/en/system/Microsoft+SQL+Server,N,Y,-,876.6,3,-,-,Microsoft,1989,2022,N,restricted free version is available,N,0,1,0,1,0,0,0,0,0,0,1,0,1,0,0,0,0.0,microsoft-sql-server
PostgreSQL,Relational,"Relational DBMS,Document store,Graph DBMS,Spatial DBMS,Vector DBMS",https://db-engines.com/en/system/PostgreSQL,Y,N,postgres/postgres,648.96,4,postgres,postgres,PostgreSQL Global Development Group,1989,2023,Y,BSD,N,0,1,0,1,0,0,0,0,0,0,1,0,1,0,1,0,1.0,postgresql
MongoDB,Document,"Document store,Spatial DBMS,Search engine,Time Series DBMS,Vector DBMS",https://db-engines.com/en/system/MongoDB,Y,Y,mongodb/mongo,417.48,5,mongodb,mongo,"MongoDB, Inc",2009,2023,Y,MongoDB Inc.'s Server Side Public License v1. Prior versions were published under GNU AGPL v3.0. Commercial licenses are also available.,N,0,1,0,0,0,0,0,0,0,0,0,1,1,1,1,0,1.0,mongodb
Redis,Key-value,"Key-value store,Document store,Graph DBMS,Spatial DBMS,Search engine,Time Series DBMS,Vector DBMS",https://db-engines.com/en/system/Redis,Y,Y,redis/redis,159.38,6,redis,redis,"Redis project core team, inspired by Salvatore Sanfilippo",2009,2024,Y,"source-available extensions (modules), commercial licenses for Redis Enterprise",N,0,1,0,1,1,0,0,0,0,0,0,1,1,1,1,0,1.0,redis
Elasticsearch,Search Engine,"Search engine,Document store,Spatial DBMS,Vector DBMS",https://db-engines.com/en/system/Elasticsearch,Y,Y,elastic/elasticsearch,136.07,7,elastic,elasticsearch,Elastic,2010,2023,Y,Elastic License,N,0,1,0,0,0,0,0,0,0,0,0,1,1,0,1,0,1.0,elasticsearch
IBM Db2,Relational,"Relational DBMS,Document store,RDF store,Spatial DBMS",https://db-engines.com/en/system/IBM+Db2,N,Y,-,132.41,8,-,-,IBM,1983,2016,N,free version is available,N,0,1,0,0,0,0,0,0,0,1,1,0,1,0,0,0,0.0,ibm-db2
Snowflake,Relational,Relational DBMS,https://db-engines.com/en/system/Snowflake,Y_archivedas_twitter-archive/snowflake,Y,twitter-archive/snowflake,125.92,9,twitter-archive,snowflake,Snowflake Computing Inc.,2014,,N,,Y,0,0,0,0,0,0,0,0,0,0,1,0,0,0,0,0,0.0,snowflake
Microsoft Access,Relational,Relational DBMS,https://db-engines.com/en/system/Microsoft+Access,N,Y,-,117.67,10,-,-,Microsoft,1992,2019,N,Bundled with Microsoft Office,N,0,0,0,0,0,0,0,0,0,0,1,0,0,0,0,0,0.0,microsoft-access
SQLite,Relational,Relational DBMS,https://db-engines.com/en/system/SQLite,Y,N,sqlite/sqlite,115.2,11,sqlite,sqlite,Dwayne Richard Hipp,2000,2024,Y,Public Domain,N,0,0,0,0,0,0,0,0,0,0,1,0,0,0,0,0,0.0,sqlite
Cassandra,Wide column,"Wide column store,Vector DBMS",https://db-engines.com/en/system/Cassandra,Y,N,apache/cassandra,111.04,12,apache,cassandra,Apache Software Foundation,2008,2023,Y,Apache version 2,N,0,0,0,0,0,0,0,0,0,0,0,0,0,0,1,1,1.0,cassandra
MariaDB,Relational,"Relational DBMS,Document store,Graph DBMS,Spatial DBMS",https://db-engines.com/en/system/MariaDB,Y,Y_借壳上市,MariaDB/server,99.23,13,MariaDB,server,"MariaDB Corporation Ab (MariaDB Enterprise),,MariaDB Foundation (community MariaDB Server)",2009,2023,Y,"GPL version 2, commercial enterprise subscription available",N,0,1,0,1,0,0,0,0,0,0,1,0,1,0,0,0,0.0,mariadb
Splunk,Search Engine,Search engine,https://db-engines.com/en/system/Splunk,N,,-,92.72,14,-,-,Splunk Inc.,2003,,N,Limited free edition and free developer edition available,N,0,0,0,0,0,0,0,0,0,0,0,1,0,0,0,0,0.0,splunk
Microsoft Azure SQL Database,Relational,"Relational DBMS,Document store,Graph DBMS,Spatial DBMS",https://db-engines.com/en/system/Microsoft+Azure+SQL+Database,N,,-,81.07,15,-,-,Microsoft,2010,,N,,Y,0,1,0,1,0,0,0,0,0,0,1,0,1,0,0,0,0.0,microsoft-azure-sql-database
Amazon DynamoDB,Document,"Document store,Key-value store",https://db-engines.com/en/system/Amazon+DynamoDB,N,,-,80.94,16,-,-,Amazon,2012,,N,free tier for a limited amount of database operations,Y,0,1,0,0,1,0,0,0,0,0,0,0,0,0,0,0,0.0,amazon-dynamodb
Databricks,Document,"Document store,Relational DBMS",https://db-engines.com/en/system/Databricks,N,N,-,80.53,17,-,-,Databricks,2013,,N,,Y,0,1,0,0,0,0,0,0,0,0,1,0,0,0,0,0,0.0,databricks
Hive,Relational,Relational DBMS,https://db-engines.com/en/system/Hive,Y,N_Facebook开源,apache/hive,66.96,18,apache,hive,Apache Software Foundation,2012,2022,Y,Apache Version 2,N,0,0,0,0,0,0,0,0,0,0,1,0,0,0,0,0,0.0,hive
Google BigQuery,Relational,Relational DBMS,https://db-engines.com/en/system/Google+BigQuery,N_api_googleapis/python-bigquery,Y,-,63.48,19,-,-,Google,2010,,N,,Y,0,0,0,0,0,0,0,0,0,0,1,0,0,0,0,0,0.0,google-bigquery
Teradata,Relational,"Relational DBMS,Document store,Graph DBMS,Spatial DBMS,Time Series DBMS",https://db-engines.com/en/system/Teradata,N,,-,53.18,20,-,-,Teradata,1984,2019,N,,N,0,1,0,1,0,0,0,0,0,0,1,0,1,1,0,0,0.0,teradata
FileMaker,Relational,Relational DBMS,https://db-engines.com/en/system/FileMaker,N,,-,52.04,21,-,-,FileMaker,1983,2021,N,,N,0,0,0,0,0,0,0,0,0,0,1,0,0,0,0,0,0.0,filemaker
Neo4j,Graph,Graph DBMS,https://db-engines.com/en/system/Neo4j,Y,Y,neo4j/neo4j,48.18,22,neo4j,neo4j,"Neo4j, Inc.",2007,2023,Y,"GPL version3, commercial licenses available",N,0,0,0,1,0,0,0,0,0,0,0,0,0,0,0,0,0.0,neo4j
SAP HANA,Relational,"Relational DBMS,Document store,Graph DBMS,Spatial DBMS",https://db-engines.com/en/system/SAP+HANA,N,,-,46.44,23,-,-,SAP,2010,2023,N,,N,0,1,0,1,0,0,0,0,0,0,1,0,1,0,0,0,0.0,sap-hana
Solr,Search Engine,"Search engine,Spatial DBMS",https://db-engines.com/en/system/Solr,Y,N,apache/solr,45.13,24,apache,solr,Apache Software Foundation,2006,2024,Y,Apache Version 2,N,0,0,0,0,0,0,0,0,0,0,0,1,1,0,0,0,0.0,solr
SAP Adaptive Server,Relational,"Relational DBMS,Spatial DBMS",https://db-engines.com/en/system/SAP+Adaptive+Server,N,,-,39.42,25,-,-,"SAP, Sybase",1987,,N,,N,0,0,0,0,0,0,0,0,0,0,1,0,1,0,0,0,0.0,sap-adaptive-server
HBase,Wide column,Wide column store,https://db-engines.com/en/system/HBase,Y,N,apache/hbase,33.86,26,apache,hbase,Apache Software Foundation,2008,2021,Y,Apache version 2,N,0,0,0,0,0,0,0,0,0,0,0,0,0,0,0,1,0.0,hbase
Microsoft Azure Cosmos DB,Document,"Document store,Graph DBMS,Key-value store,Wide column store,Spatial DBMS",https://db-engines.com/en/system/Microsoft+Azure+Cosmos+DB,N,,-,33.47,27,-,-,Microsoft,2014,,N,,Y,0,1,0,1,1,0,0,0,0,0,0,0,1,0,0,1,0.0,microsoft-azure-cosmos-db
InfluxDB,Time Series,"Time Series DBMS,Spatial DBMS",https://db-engines.com/en/system/InfluxDB,Y,,influxdata/influxdb,27.56,28,influxdata,influxdb,,2013,2023,Y,MIT-License; commercial enterprise version available,N,0,0,0,0,0,0,0,0,0,0,0,0,1,1,0,0,0.0,influxdb
Firebird,Relational,Relational DBMS,https://db-engines.com/en/system/Firebird,Y,N,FirebirdSQL/firebird,27.0,29,FirebirdSQL,firebird,Firebird Foundation,2000,2024,Y,Initial Developer's Public License,N,0,0,0,0,0,0,0,0,0,0,1,0,0,0,0,0,0.0,firebird
PostGIS,Spatial,"Spatial DBMS,Relational DBMS",https://db-engines.com/en/system/PostGIS,Y,,postgis/postgis,26.65,30,postgis,postgis,,2005,2023,Y,GPL v2.0,N,0,0,0,0,0,0,0,0,0,0,1,0,1,0,0,0,0.0,postgis
Microsoft Azure Synapse Analytics,Relational,Relational DBMS,https://db-engines.com/en/system/Microsoft+Azure+Synapse+Analytics,N,,-,26.28,31,-,-,Microsoft,2016,,N,,Y,0,0,0,0,0,0,0,0,0,0,1,0,0,0,0,0,0.0,microsoft-azure-synapse-analytics
Amazon Redshift,Relational,Relational DBMS,https://db-engines.com/en/system/Amazon+Redshift,N,,-,22.3,32,-,-,"Amazon (based on,PostgreSQL,)",2012,,N,,Y,0,0,0,0,0,0,0,0,0,0,1,0,0,0,0,0,0.0,amazon-redshift
Couchbase,Document,"Document store,Key-value store,Spatial DBMS,Search engine,Time Series DBMS",https://db-engines.com/en/system/Couchbase,Y,Y,couchbase/couchbase-lite-core,21.19,33,couchbase,couchbase-lite-core,"Couchbase, Inc.",2011,2023,Y,Business Source License (BSL 1.1); Commercial licenses also available,N,0,1,0,0,1,0,0,0,0,0,0,1,1,1,0,0,0.0,couchbase
Informix,Relational,"Relational DBMS,Document store,Spatial DBMS,Time Series DBMS",https://db-engines.com/en/system/Informix,N,Y,-,20.68,34,-,-,"IBM, HCL Technologies",1984,2020,N,free developer edition available,N,0,1,0,0,0,0,0,0,0,0,1,0,1,1,0,0,0.0,informix
Memcached,Key-value,Key-value store,https://db-engines.com/en/system/Memcached,Y,,memcached/memcached,19.7,35,memcached,memcached,Danga Interactive,2003,2024,Y,BSD license,N,0,0,0,0,1,0,0,0,0,0,0,0,0,0,0,0,0.0,memcached
Spark SQL,Relational,Relational DBMS,https://db-engines.com/en/system/Spark+SQL,Y,N,apache/spark,19.15,36,apache,spark,Apache Software Foundation,2014,2023,Y,Apache 2.0,N,0,0,0,0,0,0,0,0,0,0,1,0,0,0,0,0,0.0,spark-sql
ClickHouse,Relational,"Relational DBMS,Time Series DBMS",https://db-engines.com/en/system/ClickHouse,Y,Y_新成立,ClickHouse/ClickHouse,17.35,37,ClickHouse,ClickHouse,Clickhouse Inc.,2016,2023,Y,Apache 2.0,N,0,0,0,0,0,0,0,0,0,0,1,0,0,1,0,0,0.0,clickhouse
Impala,Relational,"Relational DBMS,Document store",https://db-engines.com/en/system/Impala,Y,,apache/impala,16.67,38,apache,impala,Cloudera,2013,2022,Y,Apache Version 2,N,0,1,0,0,0,0,0,0,0,0,1,0,0,0,0,0,0.0,impala
Firebase Realtime Database,Document,Document store,https://db-engines.com/en/system/Firebase+Realtime+Database,N,,-,16.64,39,-,-,Google,2012,,N,,Y,0,1,0,0,0,0,0,0,0,0,0,0,0,0,0,0,0.0,firebase-realtime-database
dBASE,Relational,Relational DBMS,https://db-engines.com/en/system/dBASE,N,,-,14.51,40,-,-,Asthon Tate,1979,2019,N,,N,0,0,0,0,0,0,0,0,0,0,1,0,0,0,0,0,0.0,dbase
Presto,Relational,Relational DBMS,https://db-engines.com/en/system/Presto,Y,N_Facebook开源,prestodb/presto,14.23,41,prestodb,presto,Facebook; Presto Foundation,2013,,Y,Apache 2.0,N,0,0,0,0,0,0,0,0,0,0,1,0,0,0,0,0,0.0,presto
OpenSearch,Search Engine,"Search engine,Vector DBMS",https://db-engines.com/en/system/OpenSearch,Y,Y,opensearch-project/OpenSearch,13.95,42,opensearch-project,OpenSearch,Amazon Web Services,2021,2023,Y,Apache Version 2.0,N,0,0,0,0,0,0,0,0,0,0,0,1,0,0,1,0,1.0,opensearch
Apache Flink,Relational,Relational DBMS,https://db-engines.com/en/system/Apache+Flink,Y,,apache/flink,13.93,43,apache,flink,Apache Software Foundation and contributors,,2024,Y,,N,0,0,0,0,0,0,0,0,0,0,1,0,0,0,0,0,0.0,apache-flink
Vertica,Relational,"Relational DBMS,Spatial DBMS,Time Series DBMS",https://db-engines.com/en/system/Vertica,N,Y,-,13.23,44,-,-,OpenText,2005,2023,N,Limited community edition free,N,0,0,0,0,0,0,0,0,0,0,1,0,1,1,0,0,0.0,vertica
CouchDB,Document,"Document store,Spatial DBMS",https://db-engines.com/en/system/CouchDB,Y,N,apache/couchdb,13.13,45,apache,couchdb,Apache Software Foundation,2005,2023,Y,Apache version 2,N,0,1,0,0,0,0,0,0,0,0,0,0,1,0,0,0,0.0,couchdb
Netezza,Relational,Relational DBMS,https://db-engines.com/en/system/Netezza,N,,-,12.55,46,-,-,IBM,2000,,N,,N,0,0,0,0,0,0,0,0,0,0,1,0,0,0,0,0,0.0,netezza
Google Cloud Firestore,Document,Document store,https://db-engines.com/en/system/Google+Cloud+Firestore,N,,-,11.12,47,-,-,Google,2017,,N,,Y,0,1,0,0,0,0,0,0,0,0,0,0,0,0,0,0,0.0,google-cloud-firestore
Greenplum,Relational,"Relational DBMS,Document store,Spatial DBMS",https://db-engines.com/en/system/Greenplum,Y,Y,greenplum-db/gpdb,10.4,48,greenplum-db,gpdb,Pivotal Software Inc.,2005,2023,Y,Apache 2.0,N,0,1,0,0,0,0,0,0,0,0,1,0,1,0,0,0,0.0,greenplum
Amazon Aurora,Relational,"Relational DBMS,Document store",https://db-engines.com/en/system/Amazon+Aurora,N,,-,9.85,49,-,-,Amazon,2015,,N,,Y,0,1,0,0,0,0,0,0,0,0,1,0,0,0,0,0,0.0,amazon-aurora
Prometheus,Time Series,Time Series DBMS,https://db-engines.com/en/system/Prometheus,Y,N,prometheus/prometheus,8.95,50,prometheus,prometheus,,2015,,Y,Apache 2.0,N,0,0,0,0,0,0,0,0,0,0,0,0,0,1,0,0,0.0,prometheus
H2,Relational,"Relational DBMS,Spatial DBMS",https://db-engines.com/en/system/H2,Y,N,h2database/h2database,8.46,51,h2database,h2database,Thomas Mueller,2005,2023,Y,"dual-licence (Mozilla public license, Eclipse public license)",N,0,0,0,0,0,0,0,0,0,0,1,0,1,0,0,0,0.0,h2
etcd,Key-value,Key-value store,https://db-engines.com/en/system/etcd,Y,,etcd-io/etcd,8.27,52,etcd-io,etcd,,,2019,Y,Apache Version 2.0,N,0,0,0,0,1,0,0,0,0,0,0,0,0,0,0,0,0.0,etcd
Oracle Essbase,Relational,Relational DBMS,https://db-engines.com/en/system/Oracle+Essbase,N,,-,8.22,53,-,-,Oracle,1998,2020,N,,N,0,0,0,0,0,0,0,0,0,0,1,0,0,0,0,0,0.0,oracle-essbase
Hazelcast,Key-value,"Key-value store,Document store",https://db-engines.com/en/system/Hazelcast,Y,,hazelcast/hazelcast,8.14,54,hazelcast,hazelcast,Hazelcast,2008,2023,Y,Apache Version 2; commercial licenses available,N,0,1,0,0,1,0,0,0,0,0,0,0,0,0,0,0,0.0,hazelcast
Realm,Document,Document store,https://db-engines.com/en/system/Realm,Y,,realm/realm-core,8.11,55,realm,realm-core,"Realm, acquired by MongoDB in May 2019",2014,,Y,,N,0,1,0,0,0,0,0,0,0,0,0,0,0,0,0,0,0.0,realm
Kdb,Time Series,"Time Series DBMS,Vector DBMS,Relational DBMS",https://db-engines.com/en/system/Kdb,Y,,KxSystems/kdb,7.97,56,KxSystems,kdb,"Kx Systems, a division of First Derivatives plc",2000,2018,N,free 32-bit version,N,0,0,0,0,0,0,0,0,0,0,1,0,0,1,1,0,1.0,kdb
Datastax Enterprise,Wide column,"Wide column store,Document store,Graph DBMS,Spatial DBMS,Search engine,Vector DBMS",https://db-engines.com/en/system/Datastax+Enterprise,N,,-,7.9,57,-,-,DataStax,2011,2020,N,,N,0,1,0,1,0,0,0,0,0,0,0,1,1,0,1,1,1.0,datastax-enterprise
MarkLogic,Document,"Document store,Native XML DBMS,RDF store,Search engine",https://db-engines.com/en/system/MarkLogic,N,,-,7.78,58,-,-,MarkLogic Corp.,2001,2022,N,restricted free version is available,N,0,1,0,0,0,0,1,0,0,1,0,1,0,0,0,0,0.0,marklogic
Aerospike,Document,"Document store,Graph DBMS,Key-value store,Spatial DBMS",https://db-engines.com/en/system/Aerospike,Y,,aerospike/aerospike-server,6.76,59,aerospike,aerospike-server,Aerospike,2012,2023,Y,Apache and AGPL Licenses; open sourced in June 2014; commercial Enterprise Edition available,N,0,1,0,1,1,0,0,0,0,0,0,0,1,0,0,0,0.0,aerospike
CockroachDB,Relational,Relational DBMS,https://db-engines.com/en/system/CockroachDB,Y,Y,cockroachdb/cockroach,6.6,60,cockroachdb,cockroach,Cockroach Labs,2015,2023,Y,"Apache 2.0, commercial license available",N,0,0,0,0,0,0,0,0,0,0,1,0,0,0,0,0,0.0,cockroachdb
Derby,Relational,Relational DBMS,https://db-engines.com/en/system/Derby,Y,N,apache/derby,6.52,61,apache,derby,Apache Software Foundation,1997,2023,Y,Apache version 2,N,0,0,0,0,0,0,0,0,0,0,1,0,0,0,0,0,0.0,derby
Algolia,Search Engine,Search engine,https://db-engines.com/en/system/Algolia,N,,-,6.49,62,-,-,,2012,,N,,Y,0,0,0,0,0,0,0,0,0,0,0,1,0,0,0,0,0.0,algolia
Microsoft Azure Data Explorer,Relational,"Relational DBMS,Document store,Event Store,Spatial DBMS,Search engine,Time Series DBMS",https://db-engines.com/en/system/Microsoft+Azure+Data+Explorer,N,,-,6.45,63,-,-,Microsoft,2019,,N,,Y,0,1,1,0,0,0,0,0,0,0,1,1,1,1,0,0,0.0,microsoft-azure-data-explorer
SingleStore,Relational,"Relational DBMS,Document store,Spatial DBMS,Time Series DBMS,Vector DBMS",https://db-engines.com/en/system/SingleStore,N,,-,6.22,64,-,-,SingleStore Inc.,2013,2023,N,free developer edition available,N,0,1,0,0,0,0,0,0,0,0,1,0,1,1,1,0,1.0,singlestore
Microsoft Azure AI Search,Search Engine,"Search engine,Vector DBMS",https://db-engines.com/en/system/Microsoft+Azure+AI+Search,N,,-,6.21,65,-,-,Microsoft,2015,,N,,Y,0,0,0,0,0,0,0,0,0,0,0,1,0,0,1,0,,microsoft-azure-ai-search
ScyllaDB,Wide column,"Wide column store,Key-value store",https://db-engines.com/en/system/ScyllaDB,Y,,scylladb/scylla,6.19,66,scylladb,scylla,ScyllaDB,2015,2024,Y,"Open Source (AGPL), commercial license available",N,0,0,0,0,1,0,0,0,0,0,0,0,0,0,0,1,0.0,scylladb
Ehcache,Key-value,Key-value store,https://db-engines.com/en/system/Ehcache,Y,Y,ehcache/ehcache3,6.14,67,ehcache,ehcache3,"Terracotta Inc, owned by Software AG",2009,2022,Y,Apache Version 2; commercial licenses available,N,0,0,0,0,1,0,0,0,0,0,0,0,0,0,0,0,0.0,ehcache
Sphinx,Search Engine,Search engine,https://db-engines.com/en/system/Sphinx,Y,Y,sphinxsearch/sphinx,6.09,68,sphinxsearch,sphinx,Sphinx Technologies Inc.,2001,2023,Y,"GPL version 2, commercial licence available",N,0,0,0,0,0,0,0,0,0,0,0,1,0,0,0,0,0.0,sphinx
Jackrabbit,Content,Content stores,https://db-engines.com/en/system/Jackrabbit,Y,N,apache/jackrabbit,6.05,69,apache,jackrabbit,Apache Software Foundation,2006,,Y,,N,1,0,0,0,0,0,0,0,0,0,0,0,0,0,0,0,0.0,jackrabbit
Interbase,Relational,Relational DBMS,https://db-engines.com/en/system/Interbase,N,,-,5.97,70,-,-,Embarcadero,1984,2019,N,,N,0,0,0,0,0,0,0,0,0,0,1,0,0,0,0,0,0.0,interbase
Riak KV,Key-value,Key-value store,https://db-engines.com/en/system/Riak+KV,Y,,basho/riak_kv,5.64,71,basho,riak_kv,"OpenSource, formerly Basho Technologies",2009,2022,Y,"Apache version 2, commercial enterprise edition",N,0,0,0,0,1,0,0,0,0,0,0,0,0,0,0,0,0.0,riak-kv
Microsoft Azure Table Storage,Wide column,Wide column store,https://db-engines.com/en/system/Microsoft+Azure+Table+Storage,N,,-,5.61,72,-,-,Microsoft,2012,,N,,Y,0,0,0,0,0,0,0,0,0,0,0,0,0,0,0,1,0.0,microsoft-azure-table-storage
SAP SQL Anywhere,Relational,Relational DBMS,https://db-engines.com/en/system/SAP+SQL+Anywhere,N,,-,5.52,73,-,-,SAP,1992,2015,N,,N,0,0,0,0,0,0,0,0,0,0,1,0,0,0,0,0,0.0,sap-sql-anywhere
Ingres,Relational,Relational DBMS,https://db-engines.com/en/system/Ingres,Y,,fosslc/Ingres,5.46,74,fosslc,Ingres,Actian Corporation,1974,2022,N,,N,0,0,0,0,0,0,0,0,0,0,1,0,0,0,0,0,0.0,ingres
Graphite,Time Series,Time Series DBMS,https://db-engines.com/en/system/Graphite,Y,,graphite-project/graphite-web,5.27,75,graphite-project,graphite-web,Chris Davis,2006,,Y,Apache 2.0,N,0,0,0,0,0,0,0,0,0,0,0,0,0,1,0,0,0.0,graphite
TimescaleDB,Time Series,"Time Series DBMS,Relational DBMS",https://db-engines.com/en/system/TimescaleDB,Y,,timescale/timescaledb,5.24,76,timescale,timescaledb,Timescale,2017,2023,Y,Apache 2.0,N,0,0,0,0,0,0,0,0,0,0,1,0,0,1,0,0,0.0,timescaledb
Virtuoso,Document,"Document store,Graph DBMS,Native XML DBMS,Relational DBMS,RDF store,Search engine,Spatial DBMS",https://db-engines.com/en/system/Virtuoso,Y,,openlink/virtuoso-opensource,5.08,77,openlink,virtuoso-opensource,OpenLink Software,1998,2023,Y,"GPLv2, extended commercial license available",N,0,1,0,1,0,0,1,0,0,1,1,1,1,0,0,0,0.0,virtuoso
Apache Jena - TDB,RDF,RDF store,https://db-engines.com/en/system/Apache+Jena+-+TDB,Y,N,apache/jena,5.02,78,apache,jena,Apache Software Foundation,2000,2023,Y,"Apache License, Version 2.0",N,0,0,0,0,0,0,0,0,0,1,0,0,0,0,0,0,0.0,apache-jena-tdb
Google Cloud Datastore,Document,Document store,https://db-engines.com/en/system/Google+Cloud+Datastore,N,,-,4.99,79,-,-,Google,2008,,N,,Y,0,1,0,0,0,0,0,0,0,0,0,0,0,0,0,0,0.0,google-cloud-datastore
Trino,Relational,"Relational DBMS,Document store,Key-value store,Spatial DBMS,Search engine,Time Series DBMS,Wide column store",https://db-engines.com/en/system/Trino,Y,,trinodb/trino,4.91,80,trinodb,trino,Trino Software Foundation,2012,,Y,Apache Version 2.0,N,0,1,0,0,1,0,0,0,0,0,1,1,1,1,0,1,0.0,trino
Accumulo,Wide column,Wide column store,https://db-engines.com/en/system/Accumulo,Y,,apache/accumulo,4.83,81,apache,accumulo,,2008,2022,Y,,N,0,0,0,0,0,0,0,0,0,0,0,0,0,0,0,1,0.0,accumulo
Adabas,Multivalue,Multivalue DBMS,https://db-engines.com/en/system/Adabas,Y,,jrmarino/AdaBase,4.62,82,jrmarino,AdaBase,Software AG,1971,,N,,N,0,0,0,0,0,1,0,0,0,0,0,0,0,0,0,0,0.0,adabas
HyperSQL,Relational,Relational DBMS,https://db-engines.com/en/system/HyperSQL,Y,N,ryenus/hsqldb,4.59,83,ryenus,hsqldb,,2001,2023,Y,based on BSD license,N,0,0,0,0,0,0,0,0,0,0,1,0,0,0,0,0,0.0,hypersql
Ignite,Key-value,"Key-value store,Relational DBMS",https://db-engines.com/en/system/Ignite,Y,N,apache/ignite,4.48,84,apache,ignite,Apache Software Foundation,2015,,Y,Apache 2.0,N,0,0,0,0,1,0,0,0,0,0,1,0,0,0,0,0,0.0,ignite
DolphinDB,Time Series,"Time Series DBMS,Relational DBMS",https://db-engines.com/en/system/DolphinDB,N,,-,4.46,85,-,-,"DolphinDB, Inc",2018,2022,N,free community version available,N,0,0,0,0,0,0,0,0,0,0,1,0,0,1,0,0,0.0,dolphindb
DuckDB,Relational,Relational DBMS,https://db-engines.com/en/system/DuckDB,Y,,duckdb/duckdb,4.41,86,duckdb,duckdb,,2018,2023,Y,MIT License,N,0,0,0,0,0,0,0,0,0,0,1,0,0,0,0,0,0.0,duckdb
TiDB,Relational,"Relational DBMS,Document store",https://db-engines.com/en/system/TiDB,Y,Y,pingcap/tidb,4.35,87,pingcap,tidb,"PingCAP, Inc.",2016,2023,Y,Apache 2.0,N,0,1,0,0,0,0,0,0,0,0,1,0,0,0,0,0,0.0,tidb
ArangoDB,Document,"Document store,Graph DBMS,Key-value store,Search engine",https://db-engines.com/en/system/ArangoDB,Y,Y,arangodb/arangodb,4.35,88,arangodb,arangodb,ArangoDB Inc.,2012,2023,Y,Apache Version 2; Commercial license (Enterprise) available,N,0,1,0,1,1,0,0,0,0,0,0,1,0,0,0,0,0.0,arangodb
"UniData,UniVerse",Multivalue,Multivalue DBMS,https://db-engines.com/en/system/UniData%2CUniVerse,N,,-,4.27,89,-,-,Rocket Software,1985,,N,,N,0,0,0,0,0,1,0,0,0,0,0,0,0,0,0,0,0.0,unidata-universe
OrientDB,Document,"Document store,Graph DBMS,Key-value store",https://db-engines.com/en/system/OrientDB,Y,,orientechnologies/orientdb,4.2,90,orientechnologies,orientdb,OrientDB LTD; CallidusCloud; SAP,2010,2024,Y,Apache version 2,N,0,1,0,1,1,0,0,0,0,0,0,0,0,0,0,0,0.0,orientdb
Google Cloud Bigtable,Key-value,"Key-value store,Wide column store",https://db-engines.com/en/system/Google+Cloud+Bigtable,N,,-,4.18,91,-,-,Google,2015,,N,,Y,0,0,0,0,1,0,0,0,0,0,0,0,0,0,0,1,0.0,google-cloud-bigtable
RavenDB,Document,"Document store,Graph DBMS,Spatial DBMS,Time Series DBMS",https://db-engines.com/en/system/RavenDB,Y,,ravendb/ravendb,4.12,92,ravendb,ravendb,Hibernating Rhinos,2010,2022,Y,"AGPL version 3, commercial license available",N,0,1,0,1,0,0,0,0,0,0,0,0,1,1,0,0,0.0,ravendb
RocksDB,Key-value,Key-value store,https://db-engines.com/en/system/RocksDB,Y,Y,facebook/rocksdb,4.1,93,facebook,rocksdb,"Facebook, Inc.",2013,2023,Y,BSD,N,0,0,0,0,1,0,0,0,0,0,0,0,0,0,0,0,0.0,rocksdb
GemFire,Key-value,"Key-value store,Document store",https://db-engines.com/en/system/GemFire,N,Y,-,3.99,94,-,-,VMware,2004,2022,N,,N,0,1,0,0,1,0,0,0,0,0,0,0,0,0,0,0,0.0,gemfire
OpenEdge,Relational,Relational DBMS,https://db-engines.com/en/system/OpenEdge,N,,-,3.87,95,-,-,Progress Software Corporation,1984,2020,N,,N,0,0,0,0,0,0,0,0,0,0,1,0,0,0,0,0,0.0,openedge
SAP IQ,Relational,Relational DBMS,https://db-engines.com/en/system/SAP+IQ,N,,-,3.82,96,-,-,"SAP, formerly Sybase",1994,2019,N,,N,0,0,0,0,0,0,0,0,0,0,1,0,0,0,0,0,0.0,sap-iq
Oracle NoSQL,Document,"Document store,Key-value store,Relational DBMS",https://db-engines.com/en/system/Oracle+NoSQL,Y,N,oracle/nosql-go-sdk,3.71,97,oracle,nosql-go-sdk,Oracle,2011,2023,Y,"Proprietary for Enterprise Edition (Oracle Database EE license has Oracle NoSQL database EE covered:,details,)",N,0,1,0,0,1,0,0,0,0,0,1,0,0,0,0,0,0.0,oracle-nosql
RethinkDB,Document,"Document store,Spatial DBMS",https://db-engines.com/en/system/RethinkDB,Y,,rethinkdb/rethinkdb,3.63,98,rethinkdb,rethinkdb,The Linux Foundation,2009,2020,Y,Apache Version 2,N,0,1,0,0,0,0,0,0,0,0,0,0,1,0,0,0,0.0,rethinkdb
Apache Druid,Relational,"Relational DBMS,Time Series DBMS",https://db-engines.com/en/system/Apache+Druid,Y,N,apache/druid,3.58,99,apache,druid,Apache Software Foundation and contributors,2012,2023,Y,Apache license v2,N,0,0,0,0,0,0,0,0,0,0,1,0,0,1,0,0,0.0,apache-druid
Infinispan,Key-value,Key-value store,https://db-engines.com/en/system/Infinispan,Y,,infinispan/infinispan,3.55,100,infinispan,infinispan,,2009,2023,Y,Apache Version 2,N,0,0,0,0,1,0,0,0,0,0,0,0,0,0,0,0,0.0,infinispan
Google Cloud Spanner,Relational,Relational DBMS,https://db-engines.com/en/system/Google+Cloud+Spanner,N,,-,3.49,101,-,-,Google,2017,,N,,Y,0,0,0,0,0,0,0,0,0,0,1,0,0,0,0,0,0.0,google-cloud-spanner
YugabyteDB,Relational,"Relational DBMS,Document store,Wide column store",https://db-engines.com/en/system/YugabyteDB,Y,Y,yugabyte/yugabyte-db,3.47,102,yugabyte,yugabyte-db,Yugabyte Inc.,2017,2023,Y,Apache 2.0,N,0,1,0,0,0,0,0,0,0,0,1,0,0,0,0,1,0.0,yugabytedb
TDengine,Time Series,"Time Series DBMS,Relational DBMS",https://db-engines.com/en/system/TDengine,Y,,taosdata/TDengine,3.43,103,taosdata,TDengine,"TDEngine, previously Taos Data",2019,2022,Y,"GPL V3, also commercial editions available",N,0,0,0,0,0,0,0,0,0,0,1,0,0,1,0,0,0.0,tdengine
LevelDB,Key-value,Key-value store,https://db-engines.com/en/system/LevelDB,Y,,google/leveldb,3.39,104,google,leveldb,Google,2011,2021,Y,BSD,N,0,0,0,0,1,0,0,0,0,0,0,0,0,0,0,0,0.0,leveldb
IBM Cloudant,Document,Document store,https://db-engines.com/en/system/IBM+Cloudant,N,,-,3.32,105,-,-,"IBM, Apache Software Foundation",2010,,N,,Y,0,1,0,0,0,0,0,0,0,0,0,0,0,0,0,0,0.0,ibm-cloudant
Oracle Berkeley DB,Key-value,"Key-value store,Native XML DBMS",https://db-engines.com/en/system/Oracle+Berkeley+DB,Y,,berkeleydb/libdb,3.28,106,berkeleydb,libdb,Oracle,1994,2020,Y,commercial license available,N,0,0,0,0,1,0,1,0,0,0,0,0,0,0,0,0,0.0,oracle-berkeley-db
MaxDB,Relational,Relational DBMS,https://db-engines.com/en/system/MaxDB,N,,-,3.27,107,-,-,"SAP, acquired from Software AG (Adabas-D) in 1997",1984,2020,N,Limited community edition free,N,0,0,0,0,0,0,0,0,0,0,1,0,0,0,0,0,0.0,maxdb
Pinecone,Vector,Vector DBMS,https://db-engines.com/en/system/Pinecone,N,Y,-,3.21,108,-,-,"Pinecone Systems, Inc",2019,,N,,Y,0,0,0,0,0,0,0,0,0,0,0,0,0,0,1,0,1.0,pinecone
Memgraph,Graph,Graph DBMS,https://db-engines.com/en/system/Memgraph,Y,,memgraph/memgraph,3.15,109,memgraph,memgraph,Memgraph Ltd,2017,,N,Free license available,N,0,0,0,1,0,0,0,0,0,0,0,0,0,0,0,0,0.0,memgraph
4D,Relational,Relational DBMS,https://db-engines.com/en/system/4D,N,,-,3.07,110,-,-,"4D, Inc",1984,2023,N,,N,0,0,0,0,0,0,0,0,0,0,1,0,0,0,0,0,0.0,4d
CloudKit,Document,Document store,https://db-engines.com/en/system/CloudKit,Y,,jcrosby/cloudkit,2.91,111,jcrosby,cloudkit,,2016,,N,,Y,0,1,0,0,0,0,0,0,0,0,0,0,0,0,0,0,0.0,cloudkit
PouchDB,Document,Document store,https://db-engines.com/en/system/PouchDB,Y,N,pouchdb/pouchdb,2.88,112,pouchdb,pouchdb,Apache Software Foundation,2012,2019,Y,,N,0,1,0,0,0,0,0,0,0,0,0,0,0,0,0,0,0.0,pouchdb
Amazon Neptune,Graph,"Graph DBMS,RDF store",https://db-engines.com/en/system/Amazon+Neptune,N,,-,2.87,113,-,-,Amazon,2017,,N,,Y,0,0,0,1,0,0,0,0,0,1,0,0,0,0,0,0,0.0,amazon-neptune
Geode,Key-value,Key-value store,https://db-engines.com/en/system/Geode,Y,,apache/geode,2.82,114,apache,geode,Originally developed by Gemstone. They outsourced the project to Apache in 2015 but still deliver a commercial version as Gemfire.,2002,2017,Y,Apache Version 2; commercial licenses available as Gemfire,N,0,0,0,0,1,0,0,0,0,0,0,0,0,0,0,0,0.0,geode
RRDtool,Time Series,Time Series DBMS,https://db-engines.com/en/system/RRDtool,Y,,oetiker/rrdtool-1.x,2.8,115,oetiker,rrdtool-1.x,Tobias Oetiker,1999,2022,Y,GPL V2 and FLOSS,N,0,0,0,0,0,0,0,0,0,0,0,0,0,1,0,0,0.0,rrdtool
NebulaGraph,Graph,Graph DBMS,https://db-engines.com/en/system/NebulaGraph,Y_archivedas_nebula-graph,Y,vesoft-inc/nebula,2.8,116,vesoft-inc,nebula,Vesoft Inc.,2019,,Y,Apache Version 2.0 + Common Clause 1.0,N,0,0,0,1,0,0,0,0,0,0,0,0,0,0,0,0,0.0,nebulagraph
Percona Server for MySQL,Relational,Relational DBMS,https://db-engines.com/en/system/Percona+Server+for+MySQL,Y_replacementfor_MySQL,N,percona/percona-server,2.78,117,percona,percona-server,Percona,2008,2023,Y,GPL version 2,N,0,0,0,0,0,0,0,0,0,0,1,0,0,0,0,0,0.0,percona-server-for-mysql
HEAVY.AI,Relational,"Relational DBMS,Spatial DBMS",https://db-engines.com/en/system/HEAVY.AI,Y,Y,heavyai/heavydb,2.77,118,heavyai,heavydb,"HEAVY.AI, Inc.",2016,2022,Y,Apache Version 2; enterprise edition available,N,0,0,0,0,0,0,0,0,0,0,1,0,1,0,0,0,0.0,heavyai
EXASOL,Relational,Relational DBMS,https://db-engines.com/en/system/EXASOL,N,,-,2.77,119,-,-,Exasol,2000,,N,,N,0,0,0,0,0,0,0,0,0,0,1,0,0,0,0,0,0.0,exasol
GraphDB,Graph,"Graph DBMS,RDF store",https://db-engines.com/en/system/GraphDB,N,,-,2.73,120,-,-,Ontotext,2000,2023,N,Some plugins of GraphDB Workbench are open sourced,N,0,0,0,1,0,0,0,0,0,1,0,0,0,0,0,0,0.0,graphdb
QuestDB,Time Series,"Time Series DBMS,Relational DBMS",https://db-engines.com/en/system/QuestDB,Y,,questdb/questdb,2.72,121,questdb,questdb,QuestDB Technology Inc,2014,,Y,Apache 2.0,N,0,0,0,0,0,0,0,0,0,0,1,0,0,1,0,0,0.0,questdb
Apache Drill,Document,"Document store,Relational DBMS",https://db-engines.com/en/system/Apache+Drill,Y,N,apache/drill,2.71,122,apache,drill,Apache Software Foundation,2012,2023,Y,Apache Version 2,N,0,1,0,0,0,0,0,0,0,0,1,0,0,0,0,0,0.0,apache-drill
LMDB,Key-value,Key-value store,https://db-engines.com/en/system/LMDB,Y,,LMDB/lmdb,2.68,123,LMDB,lmdb,Symas,2011,2023,Y,,N,0,0,0,0,1,0,0,0,0,0,0,0,0,0,0,0,0.0,lmdb
Apache Phoenix,Relational,Relational DBMS,https://db-engines.com/en/system/Apache+Phoenix,Y,N,apache/phoenix,2.67,124,apache,phoenix,Apache Software Foundation,2014,2019,Y,Apache Version 2.0,N,0,0,0,0,0,0,0,0,0,0,1,0,0,0,0,0,0.0,apache-phoenix
InterSystems Caché,Key-value,"Key-value store,Object oriented DBMS,Relational DBMS,Document store",https://db-engines.com/en/system/InterSystems+Cach%C3%A9,N,,-,2.66,125,-,-,InterSystems,1997,2020,N,,N,0,1,0,0,1,0,0,0,1,0,1,0,0,0,0,0,0.0,intersystems-caché
Oracle Coherence,Key-value,Key-value store,https://db-engines.com/en/system/Oracle+Coherence,Y_CommunityEdition,,oracle/coherence,2.64,126,oracle,coherence,Oracle,2007,2016,N,,N,0,0,0,0,1,0,0,0,0,0,0,0,0,0,0,0,0.0,oracle-coherence
InterSystems IRIS,Document,"Document store,Key-value store,Object oriented DBMS,Relational DBMS",https://db-engines.com/en/system/InterSystems+IRIS,N,,-,2.54,127,-,-,InterSystems,2018,2021,N,,N,0,1,0,0,1,0,0,0,1,0,1,0,0,0,0,0,0.0,intersystems-iris
EDB Postgres,Relational,"Relational DBMS,Document store,Spatial DBMS",https://db-engines.com/en/system/EDB+Postgres,N,,-,2.54,128,-,-,EnterpriseDB,2005,2021,N,BSD for PostgreSQL-components,N,0,1,0,0,0,0,0,0,0,0,1,0,1,0,0,0,0.0,edb-postgres
Citus,Relational,"Relational DBMS,Document store",https://db-engines.com/en/system/Citus,Y,,citusdata/citus,2.53,129,citusdata,citus,,2010,2018,Y,"AGPL, commercial license also available",N,0,1,0,0,0,0,0,0,0,0,1,0,0,0,0,0,0.0,citus
Coveo,Search Engine,Search engine,https://db-engines.com/en/system/Coveo,N,,-,2.52,130,-,-,Coveo,2012,,N,,Y,0,0,0,0,0,0,0,0,0,0,0,1,0,0,0,0,0.0,coveo
JanusGraph,Graph,Graph DBMS,https://db-engines.com/en/system/JanusGraph,Y,,JanusGraph/janusgraph,2.51,131,JanusGraph,janusgraph,"Linux Foundation; originally developed as,Titan,by Aurelius",2017,2023,Y,Apache 2.0,N,0,0,0,1,0,0,0,0,0,0,0,0,0,0,0,0,0.0,janusgraph
Amazon CloudSearch,Search Engine,Search engine,https://db-engines.com/en/system/Amazon+CloudSearch,N,,-,2.42,132,-,-,Amazon,2012,,N,,Y,0,0,0,0,0,0,0,0,0,0,0,1,0,0,0,0,0.0,amazon-cloudsearch
Firebolt,Relational,Relational DBMS,https://db-engines.com/en/system/Firebolt,Y,,firebolt-db/firebolt-python-sdk,2.37,133,firebolt-db,firebolt-python-sdk,Firebolt Analytics Inc.,2020,,N,,Y,0,0,0,0,0,0,0,0,0,0,1,0,0,0,0,0,0.0,firebolt
Datomic,Relational,Relational DBMS,https://db-engines.com/en/system/Datomic,N,,-,2.35,134,-,-,Cognitect,2012,2023,N,limited edition free,N,0,0,0,0,0,0,0,0,0,0,1,0,0,0,0,0,0.0,datomic
Amazon SimpleDB,Key-value,Key-value store,https://db-engines.com/en/system/Amazon+SimpleDB,N,,-,2.34,135,-,-,Amazon,2007,,N,,Y,0,0,0,0,1,0,0,0,0,0,0,0,0,0,0,0,0.0,amazon-simpledb
IMS,Navigational,Navigational DBMS,https://db-engines.com/en/system/IMS,N,,-,2.33,136,-,-,IBM,1966,2017,N,,N,0,0,0,0,0,0,0,1,0,0,0,0,0,0,0,0,0.0,ims
SpatiaLite,Spatial,"Spatial DBMS,Relational DBMS",https://db-engines.com/en/system/SpatiaLite,Y,,illarionov/SpatiaLite,2.3,137,illarionov,SpatiaLite,Alessandro Furieri,2008,2020,Y,"MPL 1.1, GPL v2.0 or LGPL v2.1",N,0,0,0,0,0,0,0,0,0,0,1,0,1,0,0,0,0.0,spatialite
Empress,Relational,Relational DBMS,https://db-engines.com/en/system/Empress,N,,-,2.29,138,-,-,,1981,2010,N,,N,0,0,0,0,0,0,0,0,0,0,1,0,0,0,0,0,0.0,empress
Chroma,Vector,Vector DBMS,https://db-engines.com/en/system/Chroma,Y,,chroma-core/chroma,2.23,139,chroma-core,chroma,Chroma,,,Y,Apache-2.0 license,N,0,0,0,0,0,0,0,0,0,0,0,0,0,0,1,0,1.0,chroma
OpenTSDB,Time Series,Time Series DBMS,https://db-engines.com/en/system/OpenTSDB,Y,,OpenTSDB/opentsdb,2.21,140,OpenTSDB,opentsdb,currently maintained by Yahoo and other contributors,2011,,Y,LGPL,N,0,0,0,0,0,0,0,0,0,0,0,0,0,1,0,0,0.0,opentsdb
Stardog,Graph,"Graph DBMS,RDF store",https://db-engines.com/en/system/Stardog,N,,-,2.19,141,-,-,Stardog-Union,2010,2020,N,60-day fully-featured trial license; 1-year fully-featured non-commercial use license for academics/students,N,0,0,0,1,0,0,0,0,0,1,0,0,0,0,0,0,0.0,stardog
MonetDB,Relational,"Relational DBMS,Document store,Spatial DBMS",https://db-engines.com/en/system/MonetDB,Y,,MonetDB/MonetDB,2.19,142,MonetDB,MonetDB,MonetDB BV,2004,2021,Y,Mozilla Public License 2.0,N,0,1,0,0,0,0,0,0,0,0,1,0,1,0,0,0,0.0,monetdb
GridDB,Time Series,"Time Series DBMS,Key-value store,Relational DBMS",https://db-engines.com/en/system/GridDB,Y,,griddb/griddb,2.17,143,griddb,griddb,Toshiba Corporation,2013,2022,Y,"AGPL version 3 and Apache License, version 2.0 , commercial license (standard and advanced editions) also available",N,0,0,0,0,1,0,0,0,0,0,1,0,0,1,0,0,0.0,griddb
BaseX,Native XML,Native XML DBMS,https://db-engines.com/en/system/BaseX,Y,,BaseXdb/basex,2.14,144,BaseXdb,basex,BaseX GmbH,2007,2023,Y,BSD license,N,0,0,0,0,0,0,1,0,0,0,0,0,0,0,0,0,0.0,basex
Tarantool,Document,"Document store,Key-value store,Relational DBMS,Spatial DBMS",https://db-engines.com/en/system/Tarantool,Y,,tarantool/tarantool,2.1,145,tarantool,tarantool,VK,2008,2022,Y,"BSD-2, source-available extensions (modules), commercial licenses for Tarantool Enterprise",N,0,1,0,0,1,0,0,0,0,0,1,0,1,0,0,0,0.0,tarantool
Tibero,Relational,Relational DBMS,https://db-engines.com/en/system/Tibero,N,,-,2.06,146,-,-,TmaxSoft,2003,2015,N,,N,0,0,0,0,0,0,0,0,0,0,1,0,0,0,0,0,0.0,tibero
Amazon DocumentDB,Document,Document store,https://db-engines.com/en/system/Amazon+DocumentDB,N,,-,2.05,147,-,-,,2019,,N,,Y,0,1,0,0,0,0,0,0,0,0,0,0,0,0,0,0,0.0,amazon-documentdb
PlanetScale,Relational,"Relational DBMS,Document store,Spatial DBMS",https://db-engines.com/en/system/PlanetScale,N,,-,2.05,148,-,-,PlanetScale,2020,,N,,Y,0,1,0,0,0,0,0,0,0,0,1,0,1,0,0,0,0.0,planetscale
Weaviate,Vector,Vector DBMS,https://db-engines.com/en/system/Weaviate,Y,,semi-technologies/weaviate,2.03,149,semi-technologies,weaviate,Weaviate B.V.,2019,2023,Y,commercial license available with Weaviate Enterprise,N,0,0,0,0,0,0,0,0,0,0,0,0,0,0,1,0,1.0,weaviate
jBASE,Multivalue,Multivalue DBMS,https://db-engines.com/en/system/jBASE,N,,-,2.02,150,-,-,Rocket Software (formerly Zumasys),1991,,N,,N,0,0,0,0,0,1,0,0,0,0,0,0,0,0,0,0,0.0,jbase
TigerGraph,Graph,Graph DBMS,https://db-engines.com/en/system/TigerGraph,N,,-,2.0,151,-,-,,2017,,N,,N,0,0,0,1,0,0,0,0,0,0,0,0,0,0,0,0,0.0,tigergraph
Fauna,Document,"Document store,Graph DBMS,Relational DBMS,Time Series DBMS",https://db-engines.com/en/system/Fauna,N,,-,1.96,152,-,-,"Fauna, Inc.",2014,,N,,Y,0,1,0,1,0,0,0,0,0,0,1,0,0,1,0,0,0.0,fauna
VoltDB,Relational,Relational DBMS,https://db-engines.com/en/system/VoltDB,Y,Y,VoltDB/voltdb,1.95,153,VoltDB,voltdb,VoltDB Inc.,2010,2022,Y,"AGPL for Community Edition, commercial license for Enterprise, AWS, and Pro Editions",N,0,0,0,0,0,0,0,0,0,0,1,0,0,0,0,0,0.0,voltdb
Db4o,Object Oriented,Object oriented DBMS,https://db-engines.com/en/system/Db4o,Y,,iboxdb/db4o-gpl,1.92,154,iboxdb,db4o-gpl,,2001,,Y,commercial license available for existing customers only,N,0,0,0,0,0,0,0,0,1,0,0,0,0,0,0,0,0.0,db4o
Dgraph,Graph,Graph DBMS,https://db-engines.com/en/system/Dgraph,Y,Y,dgraph-io/dgraph,1.89,155,dgraph-io,dgraph,"Dgraph Labs, Inc.",2016,,Y,Apache 2.0,N,0,0,0,1,0,0,0,0,0,0,0,0,0,0,0,0,0.0,dgraph
GridGain,Key-value,"Key-value store,Relational DBMS",https://db-engines.com/en/system/GridGain,Y_CommunityEdition,,gridgain/gridgain,1.89,156,gridgain,gridgain,"GridGain Systems, Inc.",2007,,N,,N,0,0,0,0,1,0,0,0,0,0,1,0,0,0,0,0,0.0,gridgain
IBM Db2 warehouse,Relational,Relational DBMS,https://db-engines.com/en/system/IBM+Db2+warehouse,N,,-,1.89,157,-,-,IBM,2014,,N,,Y,0,0,0,0,0,0,0,0,0,0,1,0,0,0,0,0,0.0,ibm-db2-warehouse
ObjectStore,Object Oriented,Object oriented DBMS,https://db-engines.com/en/system/ObjectStore,N,,-,1.88,158,-,-,Ignite Technologies,1988,2014,N,,N,0,0,0,0,0,0,0,0,1,0,0,0,0,0,0,0,0.0,objectstore
TimesTen,Relational,Relational DBMS,https://db-engines.com/en/system/TimesTen,N,,-,1.84,159,-,-,"Oracle, TimesTen Performance Software, HP",1998,,N,,N,0,0,0,0,0,0,0,0,0,0,1,0,0,0,0,0,0.0,timesten
Mnesia,Document,Document store,https://db-engines.com/en/system/Mnesia,Y,,beardedeagle/mnesiac,1.81,160,beardedeagle,mnesiac,,1999,2018,Y,proprietary license,N,0,1,0,0,0,0,0,0,0,0,0,0,0,0,0,0,0.0,mnesia
LiteDB,Document,Document store,https://db-engines.com/en/system/LiteDB,Y,,mbdavid/LiteDB,1.81,161,mbdavid,LiteDB,Mauricio David,2014,,Y,MIT License,N,0,1,0,0,0,0,0,0,0,0,0,0,0,0,0,0,0.0,litedb
SQLBase,Relational,Relational DBMS,https://db-engines.com/en/system/SQLBase,N,,-,1.79,162,-,-,,1985,,N,,N,0,0,0,0,0,0,0,0,0,0,1,0,0,0,0,0,0.0,sqlbase
Actian NoSQL Database,Object Oriented,Object oriented DBMS,https://db-engines.com/en/system/Actian+NoSQL+Database,N,,-,1.79,163,-,-,Actian,1988,2017,N,,N,0,0,0,0,0,0,0,0,1,0,0,0,0,0,0,0,0.0,actian-nosql-database
Sedna,Native XML,Native XML DBMS,https://db-engines.com/en/system/Sedna,Y,,sedna/sedna,1.75,164,sedna,sedna,,2006,,Y,Apache Version 2,N,0,0,0,0,0,0,1,0,0,0,0,0,0,0,0,0,0.0,sedna
FoundationDB,Document,"Document store,Key-value store,Relational DBMS",https://db-engines.com/en/system/FoundationDB,Y,,apple/foundationdb,1.71,165,apple,foundationdb,FoundationDB,2013,2020,Y,Apache 2.0,N,0,1,0,0,1,0,0,0,0,0,1,0,0,0,0,0,0.0,foundationdb
mSQL,Relational,Relational DBMS,https://db-engines.com/en/system/mSQL,N,,-,1.63,166,-,-,Hughes Technologies,1994,2021,N,free licenses can be provided,N,0,0,0,0,0,0,0,0,0,0,1,0,0,0,0,0,0.0,msql
D3,Multivalue,Multivalue DBMS,https://db-engines.com/en/system/D3,N,,-,1.6,167,-,-,,1999,,N,,N,0,0,0,0,0,1,0,0,0,0,0,0,0,0,0,0,0.0,d3
Oracle Rdb,Relational,Relational DBMS,https://db-engines.com/en/system/Oracle+Rdb,N,,-,1.57,168,-,-,"Oracle, originally developed by Digital Equipment Corporation (DEC)",1984,2021,N,,N,0,0,0,0,0,0,0,0,0,0,1,0,0,0,0,0,0.0,oracle-rdb
VictoriaMetrics,Time Series,Time Series DBMS,https://db-engines.com/en/system/VictoriaMetrics,Y,,VictoriaMetrics/VictoriaMetrics,1.57,169,VictoriaMetrics,VictoriaMetrics,VictoriaMetrics,2018,2023,Y,Apache Version 2.0,N,0,0,0,0,0,0,0,0,0,0,0,0,0,1,0,0,0.0,victoriametrics
Apache Kylin,Relational,Relational DBMS,https://db-engines.com/en/system/Apache+Kylin,Y,Y,apache/kylin,1.56,170,apache,kylin,"Apache Software Foundation, originally contributed from eBay Inc",2015,2020,Y,Apache Version 2.0,N,0,0,0,0,0,0,0,0,0,0,1,0,0,0,0,0,0.0,apache-kylin
OceanBase,Relational,"Relational DBMS,Document store,Wide column store",https://db-engines.com/en/system/OceanBase,Y,,oceanbase/oceanbase,1.55,171,oceanbase,oceanbase,OceanBase,2011,2022,Y,Commercial license available,N,0,1,0,0,0,0,0,0,0,0,1,0,0,0,0,1,0.0,oceanbase
GT.M,Key-value,Key-value store,https://db-engines.com/en/system/GT.M,N,,-,1.53,172,-,-,,1986,2021,N,,N,0,0,0,0,1,0,0,0,0,0,0,0,0,0,0,0,0.0,gtm
DataEase,Relational,Relational DBMS,https://db-engines.com/en/system/DataEase,N,,-,1.53,173,-,-,,1981,,N,,N,0,0,0,0,0,0,0,0,0,0,1,0,0,0,0,0,0.0,dataease
GigaSpaces,Document,"Document store,Object oriented DBMS,Graph DBMS,Search engine",https://db-engines.com/en/system/GigaSpaces,N_Image_Gigaspaces/docker,Y,-,1.5,174,-,-,Gigaspaces Technologies,2000,2020,Y,Apache Version 2; Commercial licenses available,N,0,1,0,1,0,0,0,0,1,0,0,1,0,0,0,0,0.0,gigaspaces
Infobright,Relational,Relational DBMS,https://db-engines.com/en/system/Infobright,N,,-,1.48,175,-,-,Ignite Technologies Inc.; formerly InfoBright Inc.,2005,,N,The open source (GPLv2) version did not support inserts/updates/deletes and was discontinued with July 2016,N,0,0,0,0,0,0,0,0,0,0,1,0,0,0,0,0,0.0,infobright
EventStoreDB,Event,Event Store,https://db-engines.com/en/system/EventStoreDB,Y,,EventStore/EventStore,1.47,176,EventStore,EventStore,Event Store Limited,2012,2021,Y,,N,0,0,1,0,0,0,0,0,0,0,0,0,0,0,0,0,0.0,eventstoredb
Cubrid,Relational,Relational DBMS,https://db-engines.com/en/system/Cubrid,Y,,CUBRID/cubrid,1.47,177,CUBRID,cubrid,"CUBRID Corporation, CUBRID Foundation",2008,2021,Y,Apache Version 2.0,N,0,0,0,0,0,0,0,0,0,0,1,0,0,0,0,0,0.0,cubrid
Datameer,Document,Document store,https://db-engines.com/en/system/Datameer,N,,-,1.46,178,-,-,,2009,,N,,N,0,1,0,0,0,0,0,0,0,0,0,0,0,0,0,0,0.0,datameer
GBase,Relational,Relational DBMS,https://db-engines.com/en/system/GBase,N,,-,1.46,179,-,-,,,,N,,N,0,0,0,0,0,0,0,0,0,0,1,0,0,0,0,0,0.0,gbase
Giraph,Graph,Graph DBMS,https://db-engines.com/en/system/Giraph,Y,,apache/giraph,1.46,180,apache,giraph,,2013,2020,Y,Apache Version 2,N,0,0,0,1,0,0,0,0,0,0,0,0,0,0,0,0,0.0,giraph
Meilisearch,Search Engine,Search engine,https://db-engines.com/en/system/Meilisearch,Y,,meilisearch/meilisearch,1.45,181,meilisearch,meilisearch,,2020,,Y,MIT License,N,0,0,0,0,0,0,0,0,0,0,0,1,0,0,0,0,0.0,meilisearch
openGauss,Relational,"Relational DBMS,Document store,Spatial DBMS",https://db-engines.com/en/system/openGauss,Y,,opengauss-mirror/openGauss-server,1.45,182,opengauss-mirror,openGauss-server,Huawei and openGauss community,2019,2022,Y,,N,0,1,0,0,0,0,0,0,0,0,1,0,1,0,0,0,0.0,opengauss
Milvus,Vector,Vector DBMS,https://db-engines.com/en/system/Milvus,Y,,milvus-io/milvus,1.44,183,milvus-io,milvus,,2019,2024,Y,Apache Version 2.0,N,0,0,0,0,0,0,0,0,0,0,0,0,0,0,1,0,1.0,milvus
ObjectBox,Object Oriented,"Object oriented DBMS,Time Series DBMS",https://db-engines.com/en/system/ObjectBox,Y,,objectbox/objectbox-java,1.39,184,objectbox,objectbox-java,ObjectBox Limited,2017,,Y,Apache License 2.0,N,0,0,0,0,0,0,0,0,1,0,0,0,0,1,0,0,0.0,objectbox
MatrixOne,Relational,Relational DBMS,https://db-engines.com/en/system/MatrixOne,Y,,matrixorigin/matrixone,1.39,185,matrixorigin,matrixone,,2021,,Y,Apache Version 2.0,N,0,0,0,0,0,0,0,0,0,0,1,0,0,0,0,0,0.0,matrixone
HFSQL,Relational,Relational DBMS,https://db-engines.com/en/system/HFSQL,N,,-,1.39,186,-,-,PC Soft,,,N,,N,0,0,0,0,0,0,0,0,0,0,1,0,0,0,0,0,0.0,hfsql
Perst,Object Oriented,Object oriented DBMS,https://db-engines.com/en/system/Perst,Y,,The-Alchemist/perst,1.39,187,The-Alchemist,perst,,2003,,Y,commercial license available,N,0,0,0,0,0,0,0,0,1,0,0,0,0,0,0,0,0.0,perst
Model 204,Multivalue,Multivalue DBMS,https://db-engines.com/en/system/Model+204,N,,-,1.37,188,-,-,,1972,,N,,N,0,0,0,0,0,1,0,0,0,0,0,0,0,0,0,0,0.0,model-204
Altibase,Relational,Relational DBMS,https://db-engines.com/en/system/Altibase,Y,,ALTIBASE/altibase,1.36,189,ALTIBASE,altibase,Altibase,1999,2021,N,Open source edition discontinued with March 2023,N,0,0,0,0,0,0,0,0,0,0,1,0,0,0,0,0,0.0,altibase
Apache HAWQ,Relational,Relational DBMS,https://db-engines.com/en/system/Apache+HAWQ,Y,,apache/hawq,1.34,190,apache,hawq,Pivotal Software; Apache,2012,,Y,,N,0,0,0,0,0,0,0,0,0,0,1,0,0,0,0,0,0.0,apache-hawq
NCache,Key-value,"Key-value store,Document store,Search engine",https://db-engines.com/en/system/NCache,Y,,Alachisoft/NCache,1.33,191,Alachisoft,NCache,Alachisoft,2005,2022,Y,Enterprise Edition available,N,0,1,0,0,1,0,0,0,0,0,0,1,0,0,0,0,0.0,ncache
ZODB,Key-value,Key-value store,https://db-engines.com/en/system/ZODB,Y,,zopefoundation/ZODB,1.33,192,zopefoundation,ZODB,,2009,2023,Y,,N,0,0,0,0,1,0,0,0,0,0,0,0,0,0,0,0,0.0,zodb
Amazon Timestream,Time Series,Time Series DBMS,https://db-engines.com/en/system/Amazon+Timestream,N,,-,1.31,193,-,-,,2018,,N,,Y,0,0,0,0,0,0,0,0,0,0,0,0,0,1,0,0,0.0,amazon-timestream
NonStop SQL,Relational,Relational DBMS,https://db-engines.com/en/system/NonStop+SQL,N,,-,1.31,194,-,-,"HP, originally by Tandem",1987,,N,,N,0,0,0,0,0,0,0,0,0,0,1,0,0,0,0,0,0.0,nonstop-sql
Northgate Reality,Multivalue,Multivalue DBMS,https://db-engines.com/en/system/Northgate+Reality,N,,-,1.29,195,-,-,,1973,,N,,N,0,0,0,0,0,1,0,0,0,0,0,0,0,0,0,0,0.0,northgate-reality
AllegroGraph,Document,"Document store,Graph DBMS,RDF store,Vector DBMS,Spatial DBMS",https://db-engines.com/en/system/AllegroGraph,N,,-,1.27,196,-,-,Franz Inc.,2004,2023,N,Limited community edition free,N,0,1,0,1,0,0,0,0,0,1,0,0,1,0,1,0,0.0,allegrograph
HPE Ezmeral Data Fabric,Document,"Document store,Wide column store",https://db-engines.com/en/system/HPE+Ezmeral+Data+Fabric,N,,-,1.25,197,-,-,"HPE, MapR Technologies, Inc",2009,,N,,N,0,1,0,0,0,0,0,0,0,0,0,0,0,0,0,1,0.0,hpe-ezmeral-data-fabric
Qdrant,Vector,Vector DBMS,https://db-engines.com/en/system/Qdrant,Y,,qdrant/qdrant,1.24,198,qdrant,qdrant,Qdrant,2021,,Y,Apache Version 2.0,N,0,0,0,0,0,0,0,0,0,0,0,0,0,0,1,0,1.0,qdrant
Xapian,Search Engine,Search engine,https://db-engines.com/en/system/Xapian,Y,,xapian/xapian,1.23,199,xapian,xapian,,1986,2023,Y,GPLv2,N,0,0,0,0,0,0,0,0,0,0,0,1,0,0,0,0,0.0,xapian
1010data,Relational,Relational DBMS,https://db-engines.com/en/system/1010data,N,,-,1.22,200,-,-,,2000,,N,,N,0,0,0,0,0,0,0,0,0,0,1,0,0,0,0,0,0.0,1010data
Apache IoTDB,Time Series,Time Series DBMS,https://db-engines.com/en/system/Apache+IoTDB,Y,N,apache/iotdb,1.22,201,apache,iotdb,Apache Software Foundation,2018,2023,Y,Apache Version 2.0,N,0,0,0,0,0,0,0,0,0,0,0,0,0,1,0,0,0.0,apache-iotdb
Dolt,Relational,"Relational DBMS,Document store",https://db-engines.com/en/system/Dolt,Y,Y,dolthub/dolt,1.21,202,dolthub,dolt,DoltHub Inc,2018,,Y,Apache Version 2.0,N,0,1,0,0,0,0,0,0,0,0,1,0,0,0,0,0,0.0,dolt
SurrealDB,Document,"Document store,Graph DBMS",https://db-engines.com/en/system/SurrealDB,Y,,surrealdb/surrealdb,1.2,203,surrealdb,surrealdb,SurrealDB Ltd,2022,2024,Y,,N,0,1,0,1,0,0,0,0,0,0,0,0,0,0,0,0,0.0,surrealdb
NuoDB,Relational,Relational DBMS,https://db-engines.com/en/system/NuoDB,N,,-,1.18,204,-,-,Dassault Systèmes,2013,,N,limited edition free,N,0,0,0,0,0,0,0,0,0,0,1,0,0,0,0,0,0.0,nuodb
TypeDB,Graph,"Graph DBMS,Relational DBMS",https://db-engines.com/en/system/TypeDB,Y,,vaticle/typedb,1.17,205,vaticle,typedb,Vaticle,2016,2024,Y,"GPL Version 3, commercial licenses available",N,0,0,0,1,0,0,0,0,0,0,1,0,0,0,0,0,0.0,typedb
Rockset,Document,"Document store,Relational DBMS,Search engine",https://db-engines.com/en/system/Rockset,N,,-,1.16,206,-,-,Rockset,2019,,N,,Y,0,1,0,0,0,0,0,0,0,0,1,1,0,0,0,0,0.0,rockset
Vitess,Relational,"Relational DBMS,Document store,Spatial DBMS",https://db-engines.com/en/system/Vitess,Y,,vitessio/vitess,1.14,207,vitessio,vitess,"The Linux Foundation, PlanetScale",2013,2022,Y,"Apache Version 2.0, commercial licenses available",N,0,1,0,0,0,0,0,0,0,0,1,0,1,0,0,0,0.0,vitess
StarRocks,Relational,Relational DBMS,https://db-engines.com/en/system/StarRocks,Y,,StarRocks/StarRocks,1.11,208,StarRocks,StarRocks,The Linux Foundation,2020,2023,Y,Apache Version 2.0,N,0,0,0,0,0,0,0,0,0,0,1,0,0,0,0,0,0.0,starrocks
Actian Vector,Relational,Relational DBMS,https://db-engines.com/en/system/Actian+Vector,N,,-,1.11,209,-,-,,,2016,N,,N,0,0,0,0,0,0,0,0,0,0,1,0,0,0,0,0,0.0,actian-vector
M3DB,Time Series,Time Series DBMS,https://db-engines.com/en/system/M3DB,Y,,m3db/m3,1.11,210,m3db,m3,,,,Y,Apache version 2,N,0,0,0,0,0,0,0,0,0,0,0,0,0,1,0,0,0.0,m3db
WebSphere eXtreme Scale,Key-value,Key-value store,https://db-engines.com/en/system/WebSphere+eXtreme+Scale,N,,-,1.1,211,-,-,,2009,,N,,N,0,0,0,0,1,0,0,0,0,0,0,0,0,0,0,0,0.0,websphere-extreme-scale
SQL.JS,Relational,Relational DBMS,https://db-engines.com/en/system/SQL.JS,Y,,sql-js/sql.js,1.09,212,sql-js,sql.js,Alon Zakai,2012,,Y,,N,0,0,0,0,0,0,0,0,0,0,1,0,0,0,0,0,0.0,sqljs
Hibari,Key-value,Key-value store,https://db-engines.com/en/system/Hibari,Y,,hibari/hibari,1.05,213,hibari,hibari,,2005,,Y,Apache Version 2,N,0,0,0,0,1,0,0,0,0,0,0,0,0,0,0,0,0.0,hibari
solidDB,Relational,Relational DBMS,https://db-engines.com/en/system/solidDB,N,,-,1.05,214,-,-,"Unicom Systems, Inc; IBM",1992,,N,,N,0,0,0,0,0,0,0,0,0,0,1,0,0,0,0,0,0.0,soliddb
IDMS,Navigational,Navigational DBMS,https://db-engines.com/en/system/IDMS,N,,-,1.05,215,-,-,,1973,,N,,N,0,0,0,0,0,0,0,1,0,0,0,0,0,0,0,0,0.0,idms
BigchainDB,Document,Document store,https://db-engines.com/en/system/BigchainDB,Y,,bigchaindb/bigchaindb,1.03,216,bigchaindb,bigchaindb,,2016,,Y,AGPL v3,N,0,1,0,0,0,0,0,0,0,0,0,0,0,0,0,0,0.0,bigchaindb
TDSQL for MySQL,Relational,"Relational DBMS,Document store,Spatial DBMS",https://db-engines.com/en/system/TDSQL+for+MySQL,N,,-,1.03,217,-,-,Tencent,2013,,N,,Y,0,1,0,0,0,0,0,0,0,0,1,0,1,0,0,0,0.0,tdsql-for-mysql
Typesense,Search Engine,Search engine,https://db-engines.com/en/system/Typesense,Y,,typesense/typesense,1.03,218,typesense,typesense,,2015,,Y,GPL V3,N,0,0,0,0,0,0,0,0,0,0,0,1,0,0,0,0,0.0,typesense
DBISAM,Relational,Relational DBMS,https://db-engines.com/en/system/DBISAM,N,,-,1.02,219,-,-,"Elevate Software, Inc.",1998,,N,,N,0,0,0,0,0,0,0,0,0,0,1,0,0,0,0,0,0.0,dbisam
eXist-db,Native XML,Native XML DBMS,https://db-engines.com/en/system/eXist-db,Y,,eXist-db/exist,1.01,220,eXist-db,exist,,2000,,Y,L-GPL,N,0,0,0,0,0,0,1,0,0,0,0,0,0,0,0,0,0.0,exist-db
Yellowbrick,Relational,Relational DBMS,https://db-engines.com/en/system/Yellowbrick,N,,-,1.0,221,-,-,Yellowbrick Data,,,N,,N,0,0,0,0,0,0,0,0,0,0,1,0,0,0,0,0,0.0,yellowbrick
GeoMesa,Spatial,Spatial DBMS,https://db-engines.com/en/system/GeoMesa,Y,,geomesa/geomesa-geoserver,1.0,222,geomesa,geomesa-geoserver,CCRi and others,2014,2023,Y,Apache License 2.0,N,0,0,0,0,0,0,0,0,0,0,0,0,1,0,0,0,0.0,geomesa
CrateDB,Document,"Document store,Spatial DBMS,Search engine,Time Series DBMS,Vector DBMS,Relational DBMS",https://db-engines.com/en/system/CrateDB,Y,,crate/crate,1.0,223,crate,crate,Crate,2013,,Y,,N,0,1,0,0,0,0,0,0,0,0,1,1,1,1,1,0,0.0,cratedb
SciDB,Multivalue,Multivalue DBMS,https://db-engines.com/en/system/SciDB,Y,,cran/scidb,1.0,224,cran,scidb,Paradigm4,2008,,Y,,N,0,0,0,0,0,1,0,0,0,0,0,0,0,0,0,0,0.0,scidb
SQream DB,Relational,Relational DBMS,https://db-engines.com/en/system/SQream+DB,N,,-,0.98,225,-,-,SQream Technologies,2017,2022,N,,N,0,0,0,0,0,0,0,0,0,0,1,0,0,0,0,0,0.0,sqream-db
Amazon Keyspaces,Wide column,Wide column store,https://db-engines.com/en/system/Amazon+Keyspaces,N,,-,0.96,226,-,-,Amazon,2019,,N,,Y,0,0,0,0,0,0,0,0,0,0,0,0,0,0,0,1,0.0,amazon-keyspaces
ObjectDB,Object Oriented,Object oriented DBMS,https://db-engines.com/en/system/ObjectDB,N,,-,0.95,227,-,-,,2010,2023,N,,N,0,0,0,0,0,0,0,0,1,0,0,0,0,0,0,0,0.0,objectdb
Datacom/DB,Relational,Relational DBMS,https://db-engines.com/en/system/Datacom%2FDB,N,,-,0.94,228,-,-,Broadcom (formerly CA),1972,,N,,N,0,0,0,0,0,0,0,0,0,0,1,0,0,0,0,0,0.0,datacom-db
CnosDB,Time Series,Time Series DBMS,https://db-engines.com/en/system/CnosDB,Y,,cnosdb/cnosdb,0.93,229,cnosdb,cnosdb,,2022,2023,Y,AGPL 3.0,N,0,0,0,0,0,0,0,0,0,0,0,0,0,1,0,0,0.0,cnosdb
Blazegraph,Graph,"Graph DBMS,RDF store",https://db-engines.com/en/system/Blazegraph,Y,,blazegraph/database,0.91,230,blazegraph,database,Blazegraph,2006,2019,Y,extended commercial license available,N,0,0,0,1,0,0,0,0,0,1,0,0,0,0,0,0,0.0,blazegraph
BoltDB,Key-value,Key-value store,https://db-engines.com/en/system/BoltDB,Y_archivedas_boltdb/bolt,N,boltdb/bolt,0.9,231,boltdb,bolt,,2013,,Y,MIT License,N,0,0,0,0,1,0,0,0,0,0,0,0,0,0,0,0,0.0,boltdb
MapDB,Key-value,Key-value store,https://db-engines.com/en/system/MapDB,Y,,jankotek/mapdb,0.9,232,jankotek,mapdb,,2002,,Y,Apache Version 2,N,0,0,0,0,1,0,0,0,0,0,0,0,0,0,0,0,0.0,mapdb
eXtremeDB,Relational,"Relational DBMS,Time Series DBMS",https://db-engines.com/en/system/eXtremeDB,N,,-,0.89,233,-,-,McObject,2001,2021,N,,N,0,0,0,0,0,0,0,0,0,0,1,0,0,1,0,0,0.0,extremedb
OpenInsight,Multivalue,Multivalue DBMS,https://db-engines.com/en/system/OpenInsight,N,,-,0.89,234,-,-,,1992,2018,N,,N,0,0,0,0,0,1,0,0,0,0,0,0,0,0,0,0,0.0,openinsight
NexusDB,Relational,Relational DBMS,https://db-engines.com/en/system/NexusDB,N,,-,0.88,235,-,-,,2003,2021,N,,N,0,0,0,0,0,0,0,0,0,0,1,0,0,0,0,0,0.0,nexusdb
ScaleArc,Relational,Relational DBMS,https://db-engines.com/en/system/ScaleArc,N,,-,0.87,236,-,-,"DevFactory, formerly Ignite",2009,,N,limited edition free,N,0,0,0,0,0,0,0,0,0,0,1,0,0,0,0,0,0.0,scalearc
FrontBase,Relational,Relational DBMS,https://db-engines.com/en/system/FrontBase,N,,-,0.87,237,-,-,,1993,2015,N,free licenses,N,0,0,0,0,0,0,0,0,0,0,1,0,0,0,0,0,0.0,frontbase
Kinetica,Relational,"Relational DBMS,Spatial DBMS,Time Series DBMS",https://db-engines.com/en/system/Kinetica,N,,-,0.86,238,-,-,Kinetica,2012,2021,N,,N,0,0,0,0,0,0,0,0,0,0,1,0,1,1,0,0,0.0,kinetica
KeyDB,Key-value,Key-value store,https://db-engines.com/en/system/KeyDB,Y,,Snapchat/KeyDB,0.85,239,Snapchat,KeyDB,EQ Alpha Technology Ltd.,2019,,Y,BSD-3,N,0,0,0,0,1,0,0,0,0,0,0,0,0,0,0,0,0.0,keydb
Graph Engine,Graph,"Graph DBMS,Key-value store",https://db-engines.com/en/system/Graph+Engine,Y,,microsoft/GraphEngine,0.85,240,microsoft,GraphEngine,Microsoft,2010,,Y,MIT License,N,0,0,0,1,1,0,0,0,0,0,0,0,0,0,0,0,0.0,graph-engine
atoti,Object Oriented,Object oriented DBMS,https://db-engines.com/en/system/atoti,Y_IssueTracking,,atoti/atoti,0.84,241,atoti,atoti,ActiveViam,,,N,free versions available,N,0,0,0,0,0,0,0,0,1,0,0,0,0,0,0,0,0.0,atoti
SearchBlox,Search Engine,Search engine,https://db-engines.com/en/system/SearchBlox,N,,-,0.83,242,-,-,,2003,,N,,N,0,0,0,0,0,0,0,0,0,0,0,1,0,0,0,0,0.0,searchblox
Apache Pinot,Relational,Relational DBMS,https://db-engines.com/en/system/Apache+Pinot,Y,N,apache/pinot,0.81,243,apache,pinot,Apache Software Foundation and contributors,2015,2023,Y,Apache Version 2.0,N,0,0,0,0,0,0,0,0,0,0,1,0,0,0,0,0,0.0,apache-pinot
Objectivity/DB,Object Oriented,Object oriented DBMS,https://db-engines.com/en/system/Objectivity%2FDB,N,,-,0.81,244,-,-,,1990,,N,,N,0,0,0,0,0,0,0,0,1,0,0,0,0,0,0,0,0.0,objectivity-db
Vald,Vector,Vector DBMS,https://db-engines.com/en/system/Vald,Y,,vdaas/vald,0.8,245,vdaas,vald,,,,Y,Apache-2.0 license,N,0,0,0,0,0,0,0,0,0,0,0,0,0,0,1,0,1.0,vald
HarperDB,Document,Document store,https://db-engines.com/en/system/HarperDB,N,,-,0.79,246,-,-,HarperDB,2017,2021,N,free community edition available,N,0,1,0,0,0,0,0,0,0,0,0,0,0,0,0,0,0.0,harperdb
RDF4J,RDF,RDF store,https://db-engines.com/en/system/RDF4J,Y,Y,eclipse/rdf4j,0.78,247,eclipse,rdf4j,"Since 2016 officially forked into an Eclipse project, former developer was Aduna Software.",2004,,Y,"Eclipse Distribution License (EDL), v1.0.",N,0,0,0,0,0,0,0,0,0,1,0,0,0,0,0,0,0.0,rdf4j
Alibaba Cloud AnalyticDB for MySQL,Relational,"Relational DBMS,Document store",https://db-engines.com/en/system/Alibaba+Cloud+AnalyticDB+for+MySQL,N,,-,0.78,248,-,-,Alibaba,,,N,,Y,0,1,0,0,0,0,0,0,0,0,1,0,0,0,0,0,0.0,alibaba-cloud-analyticdb-for-mysql
Heroic,Time Series,Time Series DBMS,https://db-engines.com/en/system/Heroic,Y_archivedas_spotify/heroic,N,spotify/heroic,0.77,249,spotify,heroic,Spotify,2014,,Y,Apache 2.0,N,0,0,0,0,0,0,0,0,0,0,0,0,0,1,0,0,0.0,heroic
VistaDB,Relational,Relational DBMS,https://db-engines.com/en/system/VistaDB,N,,-,0.77,250,-,-,Gibraltar Software,2008,,N,,N,0,0,0,0,0,0,0,0,0,0,1,0,0,0,0,0,0.0,vistadb
AlaSQL,Document,"Document store,Relational DBMS",https://db-engines.com/en/system/AlaSQL,Y,,AlaSQL/alasql,0.77,251,AlaSQL,alasql,Andrey Gershun & Mathias R. Wulff,2014,,Y,MIT-License,N,0,1,0,0,0,0,0,0,0,0,1,0,0,0,0,0,0.0,alasql
Alibaba Cloud MaxCompute,Relational,Relational DBMS,https://db-engines.com/en/system/Alibaba+Cloud+MaxCompute,N,,-,0.77,252,-,-,Alibaba,2016,,N,,Y,0,0,0,0,0,0,0,0,0,0,1,0,0,0,0,0,0.0,alibaba-cloud-maxcompute
KairosDB,Time Series,Time Series DBMS,https://db-engines.com/en/system/KairosDB,Y,,kairosdb/kairosdb,0.76,253,kairosdb,kairosdb,,2013,2018,Y,Apache 2.0,N,0,0,0,0,0,0,0,0,0,0,0,0,0,1,0,0,0.0,kairosdb
Apache Doris,Relational,Relational DBMS,https://db-engines.com/en/system/Apache+Doris,Y,Y,apache/doris,0.76,254,apache,doris,"Apache Software Foundation, originally contributed from Baidu",2017,2023,Y,Apache Version 2.0,N,0,0,0,0,0,0,0,0,0,0,1,0,0,0,0,0,0.0,apache-doris
GemStone/S,Object Oriented,Object oriented DBMS,https://db-engines.com/en/system/GemStone%2FS,N,,-,0.75,255,-,-,,1986,,N,,N,0,0,0,0,0,0,0,0,1,0,0,0,0,0,0,0,0.0,gemstone-s
R:BASE,Relational,Relational DBMS,https://db-engines.com/en/system/R%3ABASE,N,,-,0.73,256,-,-,,1981,,N,,N,0,0,0,0,0,0,0,0,0,0,1,0,0,0,0,0,0.0,r-base
RisingWave,Relational,Relational DBMS,https://db-engines.com/en/system/RisingWave,Y,,risingwavelabs/risingwave,0.71,257,risingwavelabs,risingwave,RisingWave Labs,2022,2023,Y,Apache Version 2.0,N,0,0,0,0,0,0,0,0,0,0,1,0,0,0,0,0,,risingwave
Scalaris,Key-value,Key-value store,https://db-engines.com/en/system/Scalaris,Y,N,scalaris-team/scalaris,0.71,258,scalaris-team,scalaris,,2010,,Y,Apache Version 2,N,0,0,0,0,1,0,0,0,0,0,0,0,0,0,0,0,0.0,scalaris
4store,RDF,RDF store,https://db-engines.com/en/system/4store,Y,,4store/4store,0.7,259,4store,4store,,2009,,Y,GPLv3,N,0,0,0,0,0,0,0,0,0,1,0,0,0,0,0,0,0.0,4store
Splice Machine,Relational,Relational DBMS,https://db-engines.com/en/system/Splice+Machine,Y,,splicemachine/spliceengine,0.69,260,splicemachine,spliceengine,Splice Machine,2014,2021,Y,"AGPL 3.0, commercial license available",N,0,0,0,0,0,0,0,0,0,0,1,0,0,0,0,0,0.0,splice-machine
ModeShape,Content,Content stores,https://db-engines.com/en/system/ModeShape,Y,,ModeShape/modeshape,0.67,261,ModeShape,modeshape,,2010,,Y,Apache Version 2,N,1,0,0,0,0,0,0,0,0,0,0,0,0,0,0,0,0.0,modeshape
Kingbase,Relational,"Relational DBMS,Document store,Spatial DBMS",https://db-engines.com/en/system/Kingbase,N,,-,0.67,262,-,-,BeiJing KINGBASE Information technologies inc.,1999,2021,N,,N,0,1,0,0,0,0,0,0,0,0,1,0,1,0,0,0,0.0,kingbase
Postgres-XL,Relational,"Relational DBMS,Document store,Spatial DBMS",https://db-engines.com/en/system/Postgres-XL,Y,,Postgres-XL/Postgres-XL,0.67,263,Postgres-XL,Postgres-XL,,2014,2018,Y,Mozilla public license,N,0,1,0,0,0,0,0,0,0,0,1,0,1,0,0,0,0.0,postgres-xl
Vespa,Search Engine,"Search engine,Vector DBMS",https://db-engines.com/en/system/Vespa,Y,,vespa-engine/vespa,0.66,264,vespa-engine,vespa,Yahoo,,,Y,Apache-2.0 license,N,0,0,0,0,0,0,0,0,0,0,0,1,0,0,1,0,1.0,vespa
Strabon,RDF,RDF store,https://db-engines.com/en/system/Strabon,Y,,esarbanis/strabon,0.65,265,esarbanis,strabon,,2011,,Y,Mozilla public license,N,0,0,0,0,0,0,0,0,0,1,0,0,0,0,0,0,0.0,strabon
Jade,Object Oriented,Object oriented DBMS,https://db-engines.com/en/system/Jade,N,,-,0.63,266,-,-,,1996,,N,,N,0,0,0,0,0,0,0,0,1,0,0,0,0,0,0,0,0.0,jade
Lovefield,Relational,Relational DBMS,https://db-engines.com/en/system/Lovefield,Y,,google/lovefield,0.62,267,google,lovefield,Google,2014,2017,Y,Apache 2.0,N,0,0,0,0,0,0,0,0,0,0,1,0,0,0,0,0,0.0,lovefield
ITTIA,Time Series,"Time Series DBMS,Relational DBMS",https://db-engines.com/en/system/ITTIA,N,,-,0.62,268,-,-,ITTIA L.L.C.,2007,,N,,N,0,0,0,0,0,0,0,0,0,0,1,0,0,1,0,0,0.0,ittia
Project Voldemort,Key-value,Key-value store,https://db-engines.com/en/system/Project+Voldemort,Y,,voldemort/voldemort,0.62,269,voldemort,voldemort,,2009,2017,Y,Apache version 2,N,0,0,0,0,1,0,0,0,0,0,0,0,0,0,0,0,0.0,project-voldemort
Rasdaman,Multivalue,Multivalue DBMS,https://db-engines.com/en/system/Rasdaman,Y,,dioptre/rasdaman,0.61,270,dioptre,rasdaman,,1998,2019,Y,extended commercial license available,N,0,0,0,0,0,1,0,0,0,0,0,0,0,0,0,0,0.0,rasdaman
Percona Server for MongoDB,Document,Document store,https://db-engines.com/en/system/Percona+Server+for+MongoDB,Y_replacementfor_MongoDB,N,percona/percona-server-mongodb,0.61,271,percona,percona-server-mongodb,Percona,2015,2017,Y,GPL Version 2,N,0,1,0,0,0,0,0,0,0,0,0,0,0,0,0,0,0.0,percona-server-for-mongodb
LokiJS,Document,Document store,https://db-engines.com/en/system/LokiJS,Y,,techfort/LokiJS,0.6,272,techfort,LokiJS,,2014,,Y,,N,0,1,0,0,0,0,0,0,0,0,0,0,0,0,0,0,0.0,lokijs
HyperGraphDB,Graph,Graph DBMS,https://db-engines.com/en/system/HyperGraphDB,Y,,hypergraphdb/hypergraphdb,0.58,273,hypergraphdb,hypergraphdb,,2007,,Y,L-GPL,N,0,0,0,1,0,0,0,0,0,0,0,0,0,0,0,0,0.0,hypergraphdb
Databend,Relational,Relational DBMS,https://db-engines.com/en/system/Databend,Y,,datafuselabs/databend,0.58,274,datafuselabs,databend,Databend Labs,2021,2023,Y,Apache Version 2.0,N,0,0,0,0,0,0,0,0,0,0,1,0,0,0,0,0,0.0,databend
Sequoiadb,Document,"Document store,Relational DBMS",https://db-engines.com/en/system/Sequoiadb,Y,,SequoiaDB/SequoiaDB,0.58,275,SequoiaDB,SequoiaDB,Sequoiadb Ltd.,2013,,Y,Server: AGPL; Client: Apache V2,N,0,1,0,0,0,0,0,0,0,0,1,0,0,0,0,0,0.0,sequoiadb
Redland,RDF,RDF store,https://db-engines.com/en/system/Redland,Y,,dajobe/librdf,0.57,276,dajobe,librdf,,2000,,Y,"Multi License (LGPL, GPLv2, Apache V2)",N,0,0,0,0,0,0,0,0,0,1,0,0,0,0,0,0,0.0,redland
InfiniteGraph,Graph,Graph DBMS,https://db-engines.com/en/system/InfiniteGraph,N,,-,0.55,277,-,-,,2010,,N,,N,0,0,0,1,0,0,0,0,0,0,0,0,0,0,0,0,0.0,infinitegraph
Comdb2,Relational,Relational DBMS,https://db-engines.com/en/system/Comdb2,Y,,bloomberg/comdb2,0.54,278,bloomberg,comdb2,Bloomberg Finance L.P.,2004,,Y,Apache 2.0,N,0,0,0,0,0,0,0,0,0,0,1,0,0,0,0,0,0.0,comdb2
Raima Database Manager,Relational,"Relational DBMS,Time Series DBMS",https://db-engines.com/en/system/Raima+Database+Manager,N,,-,0.54,279,-,-,Raima Inc.,1984,2021,N,,N,0,0,0,0,0,0,0,0,0,0,1,0,0,1,0,0,0.0,raima-database-manager
Alibaba Cloud AnalyticDB for PostgreSQL,Relational,Relational DBMS,https://db-engines.com/en/system/Alibaba+Cloud+AnalyticDB+for+PostgreSQL,N,,-,0.54,280,-,-,Alibaba / Pivotal Software Inc. / PostgreSQL Global Development Group,2016,,N,,Y,0,0,0,0,0,0,0,0,0,0,1,0,0,0,0,0,0.0,alibaba-cloud-analyticdb-for-postgresql
Actian FastObjects,Object Oriented,Object oriented DBMS,https://db-engines.com/en/system/Actian+FastObjects,N,,-,0.53,281,-,-,Actian,,,N,,N,0,0,0,0,0,0,0,0,1,0,0,0,0,0,0,0,0.0,actian-fastobjects
OpenQM,Multivalue,Multivalue DBMS,https://db-engines.com/en/system/OpenQM,Y,,gregjurman/openqm,0.53,282,gregjurman,openqm,"Rocket Software, originally Martin Phillips",1993,,Y,"GPLv2, extended commercial license available",N,0,0,0,0,0,1,0,0,0,0,0,0,0,0,0,0,0.0,openqm
Starcounter,Object Oriented,Object oriented DBMS,https://db-engines.com/en/system/Starcounter,N,,-,0.5,283,-,-,,2006,2018,N,,N,0,0,0,0,0,0,0,0,1,0,0,0,0,0,0,0,0.0,starcounter
AnzoGraph DB,Graph,"Graph DBMS,RDF store",https://db-engines.com/en/system/AnzoGraph+DB,N,,-,0.5,284,-,-,Cambridge Semantics,2018,2021,N,free trial version available,N,0,0,0,1,0,0,0,0,0,1,0,0,0,0,0,0,0.0,anzograph-db
Mimer SQL,Relational,Relational DBMS,https://db-engines.com/en/system/Mimer+SQL,N,,-,0.5,285,-,-,,1977,2023,N,,N,0,0,0,0,0,0,0,0,0,0,1,0,0,0,0,0,0.0,mimer-sql
Axibase,Time Series,Time Series DBMS,https://db-engines.com/en/system/Axibase,N,,-,0.49,286,-,-,Axibase Corporation,2013,1558,N,"Community Edition (single node) is free, Enterprise Edition (distributed) is paid",N,0,0,0,0,0,0,0,0,0,0,0,0,0,1,0,0,0.0,axibase
RedStore,RDF,RDF store,https://db-engines.com/en/system/RedStore,Y,,njh/redstore,0.49,287,njh,redstore,,2009,,Y,GPLv3,N,0,0,0,0,0,0,0,0,0,1,0,0,0,0,0,0,0.0,redstore
EJDB,Document,Document store,https://db-engines.com/en/system/EJDB,Y,,Softmotions/ejdb,0.49,288,Softmotions,ejdb,Softmotions,2012,,Y,GPLv2,N,0,1,0,0,0,0,0,0,0,0,0,0,0,0,0,0,0.0,ejdb
Kyligence Enterprise,Relational,Relational DBMS,https://db-engines.com/en/system/Kyligence+Enterprise,N,,-,0.48,289,-,-,"Kyligence, Inc.",2016,,N,,N,0,0,0,0,0,0,0,0,0,0,1,0,0,0,0,0,0.0,kyligence-enterprise
Elassandra,Wide column,"Wide column store,Search engine",https://db-engines.com/en/system/Elassandra,Y,,strapdata/elassandra,0.47,290,strapdata,elassandra,,,,Y,Apache Version 2.0,N,0,0,0,0,0,0,0,0,0,0,0,1,0,0,0,1,0.0,elassandra
Marqo,Search Engine,Search engine,https://db-engines.com/en/system/Marqo,Y,,marqo-ai/marqo,0.47,291,marqo-ai,marqo,,2022,,Y,Apache Version 2.0,N,0,0,0,0,0,0,0,0,0,0,0,1,0,0,0,0,0.0,marqo
Elliptics,Key-value,Key-value store,https://db-engines.com/en/system/Elliptics,Y,,reverbrain/elliptics,0.47,292,reverbrain,elliptics,,2009,,Y,,N,0,0,0,0,1,0,0,0,0,0,0,0,0,0,0,0,0.0,elliptics
Cloudflare Workers KV,Key-value,Key-value store,https://db-engines.com/en/system/Cloudflare+Workers+KV,N,,-,0.45,293,-,-,Cloudflare,2018,,N,,Y,0,0,0,0,1,0,0,0,0,0,0,0,0,0,0,0,0.0,cloudflare-workers-kv
Immudb,Key-value,"Key-value store,Relational DBMS",https://db-engines.com/en/system/Immudb,Y,,codenotary/immudb,0.45,294,codenotary,immudb,Codenotary,2020,2022,Y,Apache Version 2.0,N,0,0,0,0,1,0,0,0,0,0,1,0,0,0,0,0,0.0,immudb
PipelineDB,Relational,Relational DBMS,https://db-engines.com/en/system/PipelineDB,Y,,pipelinedb/pipelinedb,0.45,295,pipelinedb,pipelinedb,,2015,,Y,"BSD, GPL V3",N,0,0,0,0,0,0,0,0,0,0,1,0,0,0,0,0,0.0,pipelinedb
YDB,Document,"Document store,Relational DBMS",https://db-engines.com/en/system/YDB,Y,N,ydb-platform/ydb,0.45,296,ydb-platform,ydb,Yandex,2019,,Y,Apache 2.0; commercial license available,N,0,1,0,0,0,0,0,0,0,0,1,0,0,0,0,0,0.0,ydb
Fluree,Graph,Graph DBMS,https://db-engines.com/en/system/Fluree,Y,,fluree/db,0.44,297,fluree,db,"Fluree, PBC",2018,,Y,open-sourced in October 2020,N,0,0,0,1,0,0,0,0,0,0,0,0,0,0,0,0,0.0,fluree
Alibaba Cloud ApsaraDB for PolarDB,Relational,Relational DBMS,https://db-engines.com/en/system/Alibaba+Cloud+ApsaraDB+for+PolarDB,N,,-,0.44,298,-,-,Alibaba,,,N,,Y,0,0,0,0,0,0,0,0,0,0,1,0,0,0,0,0,0.0,alibaba-cloud-apsaradb-for-polardb
Alibaba Cloud Log Service,Search Engine,Search engine,https://db-engines.com/en/system/Alibaba+Cloud+Log+Service,N,,-,0.43,299,-,-,AlibabaCloud Inc.,2016,,N,,Y,0,0,0,0,0,0,0,0,0,0,0,1,0,0,0,0,0.0,alibaba-cloud-log-service
Transbase,Relational,Relational DBMS,https://db-engines.com/en/system/Transbase,N,,-,0.43,300,-,-,Transaction Software GmbH,1987,2022,N,free development license,N,0,0,0,0,0,0,0,0,0,0,1,0,0,0,0,0,0.0,transbase
Apache Sedona,Spatial,Spatial DBMS,https://db-engines.com/en/system/Apache+Sedona,Y,,apache/sedona,0.41,301,apache,sedona,Apache Software Foundation and contributors,2020,,Y,Apache Version 2.0,N,0,0,0,0,0,0,0,0,0,0,0,0,1,0,0,0,,apache-sedona
Tokyo Tyrant,Key-value,Key-value store,https://db-engines.com/en/system/Tokyo+Tyrant,Y,,hthetiot/Tokyo-Tyrant,0.41,302,hthetiot,Tokyo-Tyrant,Mikio  Hirabayashi,2007,,Y,GPL,N,0,0,0,0,1,0,0,0,0,0,0,0,0,0,0,0,0.0,tokyo-tyrant
Tajo,Relational,Relational DBMS,https://db-engines.com/en/system/Tajo,Y_archivedas_apache/tajo,N,apache/tajo,0.41,303,apache,tajo,Apache Software Foundation,2012,,Y,Apache Version 2,N,0,0,0,0,0,0,0,0,0,0,1,0,0,0,0,0,0.0,tajo
Bangdb,Document,"Document store,Graph DBMS,Time Series DBMS,Spatial DBMS",https://db-engines.com/en/system/Bangdb,Y,,sachin-sinha/BangDB,0.41,304,sachin-sinha,BangDB,"Sachin Sinha, BangDB",2012,2021,Y,BSD 3,N,0,1,0,1,0,0,0,0,0,0,0,0,1,1,0,0,0.0,bangdb
Riak TS,Time Series,Time Series DBMS,https://db-engines.com/en/system/Riak+TS,N,,-,0.4,305,-,-,"Open Source, formerly Basho Technologies",2015,2022,Y,,N,0,0,0,0,0,0,0,0,0,0,0,0,0,1,0,0,0.0,riak-ts
TransLattice,Relational,Relational DBMS,https://db-engines.com/en/system/TransLattice,N,,-,0.4,306,-,-,,2007,,N,,N,0,0,0,0,0,0,0,0,0,0,1,0,0,0,0,0,0.0,translattice
TerminusDB,Graph,"Graph DBMS,Document store,RDF store",https://db-engines.com/en/system/TerminusDB,Y,,terminusdb/terminusdb,0.39,307,terminusdb,terminusdb,DataChemist Ltd.,2018,2023,Y,GPL V3,N,0,1,0,1,0,0,0,0,0,1,0,0,0,0,0,0,0.0,terminusdb
FlockDB,Graph,Graph DBMS,https://db-engines.com/en/system/FlockDB,Y_archivedas_twitter-archive/flockdb,Y,twitter-archive/flockdb,0.38,308,twitter-archive,flockdb,Twitter,2010,2012,Y,Apache Version 2,N,0,0,0,1,0,0,0,0,0,0,0,0,0,0,0,0,0.0,flockdb
Badger,Key-value,Key-value store,https://db-engines.com/en/system/Badger,Y,,dgraph-io/badger,0.38,309,dgraph-io,badger,DGraph Labs,2017,,Y,Apache 2.0,N,0,0,0,0,1,0,0,0,0,0,0,0,0,0,0,0,0.0,badger
MyScale,Relational,"Relational DBMS,Vector DBMS",https://db-engines.com/en/system/MyScale,N,,-,0.38,310,-,-,,2022,,N,,Y,0,0,0,0,0,0,0,0,0,0,1,0,0,0,1,0,1.0,myscale
Brytlyt,Relational,Relational DBMS,https://db-engines.com/en/system/Brytlyt,N,,-,0.38,311,-,-,Brytlyt,2016,2023,N,,N,0,0,0,0,0,0,0,0,0,0,1,0,0,0,0,0,0.0,brytlyt
LeanXcale,Key-value,"Key-value store,Relational DBMS",https://db-engines.com/en/system/LeanXcale,N,,-,0.36,312,-,-,LeanXcale,2015,,N,,N,0,0,0,0,1,0,0,0,0,0,1,0,0,0,0,0,0.0,leanxcale
YottaDB,Key-value,"Key-value store,Relational DBMS",https://db-engines.com/en/system/YottaDB,Y,,YottaDB/YDB,0.36,313,YottaDB,YDB,"YottaDB, LLC",2001,,Y,AGPL 3.0,N,0,0,0,0,1,0,0,0,0,0,1,0,0,0,0,0,,yottadb
RDFox,Graph,"Graph DBMS,RDF store,Relational DBMS",https://db-engines.com/en/system/RDFox,N,,-,0.36,314,-,-,Oxford Semantic Technologies,2017,2022,N,,N,0,0,0,1,0,0,0,0,0,1,1,0,0,0,0,0,0.0,rdfox
Deep Lake,Vector,Vector DBMS,https://db-engines.com/en/system/Deep+Lake,Y,,activeloopai/deeplake,0.36,315,activeloopai,deeplake,Activeloop,,,Y,MPL-2.0 license,N,0,0,0,0,0,0,0,0,0,0,0,0,0,0,1,0,1.0,deep-lake
Speedb,Key-value,Key-value store,https://db-engines.com/en/system/Speedb,Y,,speedb-io/speedb,0.35,316,speedb-io,speedb,Speedb,2020,,Y,Apache Version 2.0; commercial license available,N,0,0,0,0,1,0,0,0,0,0,0,0,0,0,0,0,0.0,speedb
Mulgara,RDF,RDF store,https://db-engines.com/en/system/Mulgara,Y,,quoll/mulgara,0.34,317,quoll,mulgara,,2006,2012,Y,Apache Version 2,N,0,0,0,0,0,0,0,0,0,1,0,0,0,0,0,0,0.0,mulgara
Machbase Neo,Time Series,Time Series DBMS,https://db-engines.com/en/system/Machbase+Neo,Y,,machbase/neo-server,0.34,318,machbase,neo-server,Machbase,2013,2023,N,free test version available,N,0,0,0,0,0,0,0,0,0,0,0,0,0,1,0,0,0.0,machbase-neo
Manticore Search,Search Engine,"Search engine,Time Series DBMS",https://db-engines.com/en/system/Manticore+Search,Y,,manticoresoftware/manticoresearch,0.33,319,manticoresoftware,manticoresearch,Manticore Software,2017,2023,Y,GPL version 2,N,0,0,0,0,0,0,0,0,0,0,0,1,0,1,0,0,0.0,manticore-search
FeatureBase,Relational,Relational DBMS,https://db-engines.com/en/system/FeatureBase,Y_CommunityEdition,,featurebasedb/featurebase,0.33,320,featurebasedb,featurebase,Molecula and Pilosa Open Source Contributors,2017,2022,N,,N,0,0,0,0,0,0,0,0,0,0,1,0,0,0,0,0,0.0,featurebase
CubicWeb,RDF,RDF store,https://db-engines.com/en/system/CubicWeb,Y_NotGithub-gitlabsite_forge.extranet.logilab.fr/cubicweb/cubicweb,N,-,0.33,321,-,-,Logilab,2001,2021,Y,L-GPL,N,0,0,0,0,0,0,0,0,0,1,0,0,0,0,0,0,0.0,cubicweb
ElevateDB,Relational,Relational DBMS,https://db-engines.com/en/system/ElevateDB,N,,-,0.32,322,-,-,"Elevate Software, Inc.",2006,,N,,N,0,0,0,0,0,0,0,0,0,0,1,0,0,0,0,0,0.0,elevatedb
Faircom DB,Key-value,"Key-value store,Relational DBMS",https://db-engines.com/en/system/Faircom+DB,N,,-,0.31,323,-,-,FairCom Corporation,1979,2020,N,"Restricted, free version available",N,0,0,0,0,1,0,0,0,0,0,1,0,0,0,0,0,0.0,faircom-db
BigObject,Relational,Relational DBMS,https://db-engines.com/en/system/BigObject,N,,-,0.3,324,-,-,"BigObject, Inc.",2015,,N,free community edition available,N,0,0,0,0,0,0,0,0,0,0,1,0,0,0,0,0,0.0,bigobject
Fujitsu Enterprise Postgres,Relational,"Relational DBMS,Document store,Spatial DBMS",https://db-engines.com/en/system/Fujitsu+Enterprise+Postgres,N,,-,0.3,325,-,-,"PostgreSQL Global Development Group, Fujitsu Australia Software Technology",,2022,N,,N,0,1,0,0,0,0,0,0,0,0,1,0,1,0,0,0,0.0,fujitsu-enterprise-postgres
AntDB,Relational,Relational DBMS,https://db-engines.com/en/system/AntDB,Y,,ADBSQL/AntDB,0.3,326,ADBSQL,AntDB,AsiaInfo Technologies Limited,,,N,"community version available at,github.com/ADBSQL/AntDB",N,0,0,0,0,0,0,0,0,0,0,1,0,0,0,0,0,0.0,antdb
Eloquera,Object Oriented,Object oriented DBMS,https://db-engines.com/en/system/Eloquera,N,,-,0.29,327,-,-,,2008,2014,N,free licenses,N,0,0,0,0,0,0,0,0,1,0,0,0,0,0,0,0,0.0,eloquera
NEventStore,Event,Event Store,https://db-engines.com/en/system/NEventStore,Y,,NEventStore/NEventStore,0.29,328,NEventStore,NEventStore,,2011,,Y,MIT-License,N,0,0,1,0,0,0,0,0,0,0,0,0,0,0,0,0,0.0,neventstore
PieCloudDB,Relational,Relational DBMS,https://db-engines.com/en/system/PieCloudDB,N,,-,0.28,329,-,-,OpenPie,,2023,N,,Y,0,0,0,0,0,0,0,0,0,0,1,0,0,0,0,0,0.0,pieclouddb
XtremeData,Relational,Relational DBMS,https://db-engines.com/en/system/XtremeData,N,,-,0.28,330,-,-,,,,N,limited edition free,N,0,0,0,0,0,0,0,0,0,0,1,0,0,0,0,0,0.0,xtremedata
Ultipa,Graph,Graph DBMS,https://db-engines.com/en/system/Ultipa,N,,-,0.27,331,-,-,Ultipa,2019,,N,,N,0,0,0,1,0,0,0,0,0,0,0,0,0,0,0,0,0.0,ultipa
XTDB,Document,Document store,https://db-engines.com/en/system/XTDB,Y,,xtdb/xtdb,0.27,332,xtdb,xtdb,Juxt Ltd.,2019,2021,Y,MIT License,N,0,1,0,0,0,0,0,0,0,0,0,0,0,0,0,0,0.0,xtdb
Dragonfly,Key-value,Key-value store,https://db-engines.com/en/system/Dragonfly,Y,,dragonflydb/dragonfly,0.27,333,dragonflydb,dragonfly,DragonflyDB team and community contributors,2023,2023,Y,BSL 1.1,N,0,0,0,0,1,0,0,0,0,0,0,0,0,0,0,0,0.0,dragonfly
Upscaledb,Key-value,Key-value store,https://db-engines.com/en/system/Upscaledb,Y,,cruppstahl/upscaledb,0.26,334,cruppstahl,upscaledb,,2007,,Y,Apache Version 2,N,0,0,0,0,1,0,0,0,0,0,0,0,0,0,0,0,0.0,upscaledb
Kyoto Tycoon,Key-value,Key-value store,https://db-engines.com/en/system/Kyoto+Tycoon,Y,,AlticeLabsProjects/kyoto,0.26,335,AlticeLabsProjects,kyoto,,2009,,Y,GPL,N,0,0,0,0,1,0,0,0,0,0,0,0,0,0,0,0,0.0,kyoto-tycoon
Dydra,RDF,RDF store,https://db-engines.com/en/system/Dydra,Y_UnlicenseLicense,,dydra/dydra,0.26,336,dydra,dydra,,2010,,N,,N,0,0,0,0,0,0,0,0,0,1,0,0,0,0,0,0,0.0,dydra
Exorbyte,Search Engine,Search engine,https://db-engines.com/en/system/Exorbyte,N,,-,0.25,337,-,-,,2000,,N,,N,0,0,0,0,0,0,0,0,0,0,0,1,0,0,0,0,0.0,exorbyte
SiteWhere,Time Series,Time Series DBMS,https://db-engines.com/en/system/SiteWhere,Y,,sitewhere/sitewhere,0.25,338,sitewhere,sitewhere,SiteWhere,2010,,Y,Common Public Attribution License Version 1.0,N,0,0,0,0,0,0,0,0,0,0,0,0,0,1,0,0,0.0,sitewhere
Siaqodb,Object Oriented,Object oriented DBMS,https://db-engines.com/en/system/Siaqodb,Y_Nonlicense,,morecraf/Siaqodb,0.25,339,morecraf,Siaqodb,,,,N,,N,0,0,0,0,0,0,0,0,1,0,0,0,0,0,0,0,0.0,siaqodb
Tibco ComputeDB,Relational,Relational DBMS,https://db-engines.com/en/system/Tibco+ComputeDB,Y_NotGitHub-release_community.tibco.com/s/article/TIBCO-Graph-Database-Releases,Y,-,0.24,340,-,-,Tibco,2015,,Y,Apache 2.0,N,0,0,0,0,0,0,0,0,0,0,1,0,0,0,0,0,0.0,tibco-computedb
STSdb,Key-value,Key-value store,https://db-engines.com/en/system/STSdb,Y,,STSSoft/STSdb4,0.24,341,STSSoft,STSdb4,STS Soft SC,2011,2015,Y,"GPLv2, commercial license available",N,0,0,0,0,1,0,0,0,0,0,0,0,0,0,0,0,0.0,stsdb
Tigris,Document,"Document store,Key-value store,Search engine,Time Series DBMS",https://db-engines.com/en/system/Tigris,Y,,tigrisdata/tigris,0.23,342,tigrisdata,tigris,"Tigris Data, Inc.",2022,,Y,Apache Version 2.0,N,0,1,0,0,1,0,0,0,0,0,0,1,0,1,0,0,0.0,tigris
Actian PSQL,Relational,Relational DBMS,https://db-engines.com/en/system/Actian+PSQL,N,,-,0.22,343,-,-,,1982,2021,N,,N,0,0,0,0,0,0,0,0,0,0,1,0,0,0,0,0,0.0,actian-psql
Alibaba Cloud Table Store,Wide column,Wide column store,https://db-engines.com/en/system/Alibaba+Cloud+Table+Store,N,,-,0.21,344,-,-,Alibaba,2016,,N,,Y,0,0,0,0,0,0,0,0,0,0,0,0,0,0,0,1,0.0,alibaba-cloud-table-store
NosDB,Document,Document store,https://db-engines.com/en/system/NosDB,Y,,Alachisoft/NosDB,0.21,345,Alachisoft,NosDB,Alachisoft,2016,,Y,Professional and Enterprise Versions available,N,0,1,0,0,0,0,0,0,0,0,0,0,0,0,0,0,0.0,nosdb
Sparksee,Graph,Graph DBMS,https://db-engines.com/en/system/Sparksee,N,,-,0.2,346,-,-,,2008,2021,N,,N,0,0,0,1,0,0,0,0,0,0,0,0,0,0,0,0,0.0,sparksee
HugeGraph,Graph,Graph DBMS,https://db-engines.com/en/system/HugeGraph,Y,Y,apache/incubator-hugegraph,0.19,347,apache,incubator-hugegraph,Baidu,2018,,Y,Apache Version 2.0,N,0,0,0,1,0,0,0,0,0,0,0,0,0,0,0,0,0.0,hugegraph
SenseiDB,Document,Document store,https://db-engines.com/en/system/SenseiDB,Y_archivedas_LinkedInAttic/sensei,N,LinkedInAttic/sensei,0.19,348,LinkedInAttic,sensei,,2010,,Y,Apache Version 2,N,0,1,0,0,0,0,0,0,0,0,0,0,0,0,0,0,0.0,senseidb
Valentina Server,Relational,Relational DBMS,https://db-engines.com/en/system/Valentina+Server,N,,-,0.19,349,-,-,Paradigma Software,1999,,N,,N,0,0,0,0,0,0,0,0,0,0,1,0,0,0,0,0,0.0,valentina-server
Skytable,Key-value,Key-value store,https://db-engines.com/en/system/Skytable,Y,Y,skytable/skytable,0.19,350,skytable,skytable,"Skytable, Inc.",2020,,Y,GNU AGPL 3.0,N,0,0,0,0,1,0,0,0,0,0,0,0,0,0,0,0,0.0,skytable
GraphBase,Graph,Graph DBMS,https://db-engines.com/en/system/GraphBase,N,,-,0.19,351,-,-,,,,N,,N,0,0,0,1,0,0,0,0,0,0,0,0,0,0,0,0,0.0,graphbase
Hawkular Metrics,Time Series,Time Series DBMS,https://db-engines.com/en/system/Hawkular+Metrics,Y,,hawkular/hawkular-metrics,0.19,352,hawkular,hawkular-metrics,Community supported by Red Hat,2014,,Y,Apache 2.0,N,0,0,0,0,0,0,0,0,0,0,0,0,0,1,0,0,0.0,hawkular-metrics
HyperLevelDB,Key-value,Key-value store,https://db-engines.com/en/system/HyperLevelDB,Y,,rescrv/HyperLevelDB,0.18,353,rescrv,HyperLevelDB,,2010,,Y,,N,0,0,0,0,1,0,0,0,0,0,0,0,0,0,0,0,0.0,hyperleveldb
TinkerGraph,Graph,Graph DBMS,https://db-engines.com/en/system/TinkerGraph,Y,,apache/tinkerpop,0.18,354,apache,tinkerpop,,2009,,Y,Apache 2.0,N,0,0,0,1,0,0,0,0,0,0,0,0,0,0,0,0,0.0,tinkergraph
ArcadeDB,Document,"Document store,Graph DBMS,Key-value store,Time Series DBMS",https://db-engines.com/en/system/ArcadeDB,Y,,ArcadeData/arcadedb,0.18,355,ArcadeData,arcadedb,Arcade Data,2021,2021,Y,Apache Version 2.0,N,0,1,0,1,1,0,0,0,0,0,0,0,0,1,0,0,0.0,arcadedb
IBM Db2 Event Store,Event,"Event Store,Time Series DBMS",https://db-engines.com/en/system/IBM+Db2+Event+Store,N,,-,0.17,356,-,-,IBM,2017,,N,free developer edition available,N,0,0,1,0,0,0,0,0,0,0,0,0,0,1,0,0,0.0,ibm-db2-event-store
GreptimeDB,Time Series,Time Series DBMS,https://db-engines.com/en/system/GreptimeDB,Y,,GreptimeTeam/greptimedb,0.17,357,GreptimeTeam,GreptimeTeam/greptimedb,Greptime Inc.,2022,,Y,Apache Version 2.0,N,0,0,0,0,0,0,0,0,0,0,0,0,0,1,0,0,0.0,greptimedb
BrightstarDB,RDF,RDF store,https://db-engines.com/en/system/BrightstarDB,Y,,BrightstarDB/BrightstarDB,0.17,358,BrightstarDB,BrightstarDB,,2012,,Y,,N,0,0,0,0,0,0,0,0,0,1,0,0,0,0,0,0,0.0,brightstardb
Quasardb,Time Series,Time Series DBMS,https://db-engines.com/en/system/Quasardb,N,,-,0.16,359,-,-,quasardb,2009,2024,N,"Free community edition, Non-profit organizations and non-commercial usage are eligible for free licenses",N,0,0,0,0,0,0,0,0,0,0,0,0,0,1,0,0,0.0,quasardb
SiriDB,Time Series,Time Series DBMS,https://db-engines.com/en/system/SiriDB,Y,,SiriDB/siridb-server,0.16,360,SiriDB,siridb-server,Cesbit,2017,,Y,MIT License,N,0,0,0,0,0,0,0,0,0,0,0,0,0,1,0,0,0.0,siridb
EsgynDB,Relational,Relational DBMS,https://db-engines.com/en/system/EsgynDB,N,,-,0.16,361,-,-,Esgyn,2015,,N,,N,0,0,0,0,0,0,0,0,0,0,1,0,0,0,0,0,0.0,esgyndb
TomP2P,Key-value,Key-value store,https://db-engines.com/en/system/TomP2P,Y,,tomp2p/TomP2P,0.15,362,tomp2p,TomP2P,,2004,,Y,Apache Version 2,N,0,0,0,0,1,0,0,0,0,0,0,0,0,0,0,0,0.0,tomp2p
ActorDB,Relational,Relational DBMS,https://db-engines.com/en/system/ActorDB,Y,,biokoda/actordb,0.15,363,biokoda,actordb,,2014,,Y,Mozilla Public License 2.0,N,0,0,0,0,0,0,0,0,0,0,1,0,0,0,0,0,0.0,actordb
Acebase,Document,Document store,https://db-engines.com/en/system/Acebase,Y,,appy-one/acebase,0.15,364,appy-one,acebase,,2018,,Y,MIT License,N,0,1,0,0,0,0,0,0,0,0,0,0,0,0,0,0,0.0,acebase
H2GIS,Spatial,"Spatial DBMS,Relational DBMS",https://db-engines.com/en/system/H2GIS,Y,,orbisgis/h2gis,0.15,365,orbisgis,h2gis,CNRS,2013,,Y,LGPL 3.0,N,0,0,0,0,0,0,0,0,0,0,1,0,1,0,0,0,0.0,h2gis
Linter,Relational,"Relational DBMS,Spatial DBMS",https://db-engines.com/en/system/Linter,N,,-,0.14,366,-,-,relex.ru,1990,,N,,N,0,0,0,0,0,0,0,0,0,0,1,0,1,0,0,0,0.0,linter
LedisDB,Key-value,Key-value store,https://db-engines.com/en/system/LedisDB,Y,,ledisdb/ledisdb,0.13,367,ledisdb,ledisdb,,2014,,Y,MIT-License,N,0,0,0,0,1,0,0,0,0,0,0,0,0,0,0,0,0.0,ledisdb
Blueflood,Time Series,Time Series DBMS,https://db-engines.com/en/system/Blueflood,Y,,rackerlabs/blueflood,0.13,368,rackerlabs,blueflood,Rackspace,2013,,Y,Apache 2.0,N,0,0,0,0,0,0,0,0,0,0,0,0,0,1,0,0,0.0,blueflood
WhiteDB,Document,Document store,https://db-engines.com/en/system/WhiteDB,Y,,priitj/whitedb,0.12,369,priitj,whitedb,,2008,,Y,GPL V3,N,0,1,0,0,0,0,0,0,0,0,0,0,0,0,0,0,0.0,whitedb
RaptorDB,Document,Document store,https://db-engines.com/en/system/RaptorDB,Y,,mgholam/RaptorDB-Document,0.12,370,mgholam,RaptorDB-Document,,,,Y,Apache Version 2,N,0,1,0,0,0,0,0,0,0,0,0,0,0,0,0,0,0.0,raptordb
TerarkDB,Key-value,Key-value store,https://db-engines.com/en/system/TerarkDB,Y_GithubFork,,bytedance/terarkdb,0.12,370,bytedance,terarkdb,Terark,2016,,N,restricted open source version available,N,0,0,0,0,1,0,0,0,0,0,0,0,0,0,0,0,0.0,terarkdb
Alibaba Cloud TSDB,Time Series,Time Series DBMS,https://db-engines.com/en/system/Alibaba+Cloud+TSDB,N,,-,0.12,372,-,-,Alibaba,,,N,,Y,0,0,0,0,0,0,0,0,0,0,0,0,0,1,0,0,0.0,alibaba-cloud-tsdb
YTsaurus,Document,"Document store,Key-value store",https://db-engines.com/en/system/YTsaurus,Y,,ytsaurus/ytsaurus,0.12,373,ytsaurus,ytsaurus,Yandex,2023,,Y,"Apache License, Version 2.0",N,0,1,0,0,1,0,0,0,0,0,0,0,0,0,0,0,0.0,ytsaurus
OrigoDB,Document,"Document store,Object oriented DBMS",https://db-engines.com/en/system/OrigoDB,Y,,DevrexLabs/OrigoDB,0.12,374,DevrexLabs,OrigoDB,Robert Friberg et al,2009,,Y,,N,0,1,0,0,0,0,0,0,1,0,0,0,0,0,0,0,0.0,origodb
Transwarp KunDB,Relational,Relational DBMS,https://db-engines.com/en/system/Transwarp+KunDB,N,,-,0.11,375,-,-,Transwarp,,,N,,N,0,0,0,0,0,0,0,0,0,0,1,0,0,0,0,0,0.0,transwarp-kundb
Indica,Search Engine,Search engine,https://db-engines.com/en/system/Indica,N,,-,0.1,376,-,-,,2014,,N,parts of it are open source,N,0,0,0,0,0,0,0,0,0,0,0,1,0,0,0,0,0.0,indica
iBoxDB,Document,Document store,https://db-engines.com/en/system/iBoxDB,Y,,iboxdb/ftserver,0.09,377,iboxdb,ftserver,,2013,,Y,,N,0,1,0,0,0,0,0,0,0,0,0,0,0,0,0,0,0.0,iboxdb
DataFS,Object Oriented,"Object oriented DBMS,Graph DBMS",https://db-engines.com/en/system/DataFS,N,,-,0.09,378,-,-,Mobiland AG,2018,2022,N,,N,0,0,0,1,0,0,0,0,1,0,0,0,0,0,0,0,0.0,datafs
VelocityDB,Graph,"Graph DBMS,Object oriented DBMS",https://db-engines.com/en/system/VelocityDB,N,,-,0.08,379,-,-,VelocityDB Inc,2011,,N,,N,0,0,0,1,0,0,0,0,1,0,0,0,0,0,0,0,0.0,velocitydb
openGemini,Time Series,Time Series DBMS,https://db-engines.com/en/system/openGemini,Y,,openGemini/openGemini,0.08,380,openGemini,openGemini,Huawei and openGemini community,2022,2023,Y,Apache Version 2.0,N,0,0,0,0,0,0,0,0,0,0,0,0,0,1,0,0,,opengemini
OushuDB,Relational,Relational DBMS,https://db-engines.com/en/system/OushuDB,N,,-,0.07,381,-,-,Oushu,,2020,N,,N,0,0,0,0,0,0,0,0,0,0,1,0,0,0,0,0,0.0,oushudb
Edge Intelligence,Relational,Relational DBMS,https://db-engines.com/en/system/Edge+Intelligence,N,,-,0.07,382,-,-,,2012,,N,,N,0,0,0,0,0,0,0,0,0,0,1,0,0,0,0,0,0.0,edge-intelligence
AgensGraph,Graph,"Graph DBMS,Relational DBMS",https://db-engines.com/en/system/AgensGraph,Y,Y,bitnine-oss/agensgraph,0.06,383,bitnine-oss,agensgraph,Bitnine Global Inc.,2016,2018,Y,Apache License 2.0,N,0,0,0,1,0,0,0,0,0,0,1,0,0,0,0,0,0.0,agensgraph
Warp 10,Time Series,Time Series DBMS,https://db-engines.com/en/system/Warp+10,Y,,senx/warp10-platform,0.06,384,senx,warp10-platform,SenX,2015,,Y,Apache License 2.0,N,0,0,0,0,0,0,0,0,0,0,0,0,0,1,0,0,0.0,warp-10
ScaleOut StateServer,Key-value,Key-value store,https://db-engines.com/en/system/ScaleOut+StateServer,N,,-,0.06,385,-,-,,2005,,N,,N,0,0,0,0,1,0,0,0,0,0,0,0,0,0,0,0,0.0,scaleout-stateserver
InfinityDB,Key-value,Key-value store,https://db-engines.com/en/system/InfinityDB,N,,-,0.05,386,-,-,Boiler Bay Inc.,2002,,N,,N,0,0,0,0,1,0,0,0,0,0,0,0,0,0,0,0,0.0,infinitydb
gStore,Graph,"Graph DBMS,RDF store",https://db-engines.com/en/system/gStore,Y,,pkumod/gStore,0.05,387,pkumod,gStore,,2016,2023,Y,BSD,N,0,0,0,1,0,0,0,0,0,1,0,0,0,0,0,0,0.0,gstore
Newts,Time Series,Time Series DBMS,https://db-engines.com/en/system/Newts,Y,,OpenNMS/newts,0.04,388,OpenNMS,newts,OpenNMS Group,2014,,Y,Apache 2.0,N,0,0,0,0,0,0,0,0,0,0,0,0,0,1,0,0,0.0,newts
WakandaDB,Object Oriented,Object oriented DBMS,https://db-engines.com/en/system/WakandaDB,N_commercial,Y,-,0.03,389,-,-,Wakanda SAS,2012,2019,Y,"AGPLv3, extended commercial license available",N,0,0,0,0,0,0,0,0,1,0,0,0,0,0,0,0,0.0,wakandadb
DaggerDB,Relational,Relational DBMS,https://db-engines.com/en/system/DaggerDB,N,,-,0.03,390,-,-,,2014,,N,,N,0,0,0,0,0,0,0,0,0,0,1,0,0,0,0,0,0.0,daggerdb
NSDb,Time Series,Time Series DBMS,https://db-engines.com/en/system/NSDb,Y,,radicalbit/NSDb,0.03,391,radicalbit,NSDb,,2017,,Y,Apache Version 2.0,N,0,0,0,0,0,0,0,0,0,0,0,0,0,1,0,0,0.0,nsdb
Cachelot.io,Key-value,Key-value store,https://db-engines.com/en/system/Cachelot.io,Y,,cachelot/cachelot,0.02,392,cachelot,cachelot,,2015,,Y,Simplified BSD License,N,0,0,0,0,1,0,0,0,0,0,0,0,0,0,0,0,0.0,cachelotio
SmallSQL,Relational,Relational DBMS,https://db-engines.com/en/system/SmallSQL,Y,,CptTZ/SmallSQL,0.02,393,CptTZ,SmallSQL,,2005,,Y,L-GPL,N,0,0,0,0,0,0,0,0,0,0,1,0,0,0,0,0,0.0,smallsql
SparkleDB,RDF,RDF store,https://db-engines.com/en/system/SparkleDB,N,,-,0.02,394,-,-,,2012,,N,,N,0,0,0,0,0,0,0,0,0,1,0,0,0,0,0,0,0.0,sparkledb
JethroData,Relational,Relational DBMS,https://db-engines.com/en/system/JethroData,N,,-,0.02,395,-,-,JethroData,2013,,N,,N,0,0,0,0,0,0,0,0,0,0,1,0,0,0,0,0,0.0,jethrodata
Resin Cache,Key-value,Key-value store,https://db-engines.com/en/system/Resin+Cache,Y,,dlitz/resin,0.01,396,dlitz,resin,,1998,2021,Y,"GPLv3, extended commercial license available",N,0,0,0,0,1,0,0,0,0,0,0,0,0,0,0,0,0.0,resin-cache
SWC-DB,Wide column,"Wide column store,Time Series DBMS",https://db-engines.com/en/system/SWC-DB,Y,,kashirin-alex/swc-db,0.01,397,kashirin-alex,swc-db,Alex Kashirin,2020,2021,Y,GPL V3,N,0,0,0,0,0,0,0,0,0,0,0,0,0,1,0,1,0.0,swc-db
Faircom EDGE,Key-value,"Key-value store,Relational DBMS",https://db-engines.com/en/system/Faircom+EDGE,N,,-,0.01,398,-,-,FairCom Corporation,1979,2020,N,"Restricted, free version available",N,0,0,0,0,1,0,0,0,0,0,1,0,0,0,0,0,0.0,faircom-edge
Transwarp ArgoDB,Relational,"Relational DBMS,Search engine",https://db-engines.com/en/system/Transwarp+ArgoDB,N,,-,0.01,399,-,-,Transwarp,,,N,,N,0,0,0,0,0,0,0,0,0,0,1,1,0,0,0,0,0.0,transwarp-argodb
SwayDB,Key-value,Key-value store,https://db-engines.com/en/system/SwayDB,Y,,simerplaha/SwayDB,0.0,400,simerplaha,SwayDB,Simer Plaha,2018,,Y,GNU Affero GPL V3.0,N,0,0,0,0,1,0,0,0,0,0,0,0,0,0,0,0,0.0,swaydb
BergDB,Key-value,Key-value store,https://db-engines.com/en/system/BergDB,Y,,bergdb/bergdb,0.0,401,bergdb,bergdb,,2013,,Y,Gnu Affero General Public License (AGPL),N,0,0,0,0,1,0,0,0,0,0,0,0,0,0,0,0,0.0,bergdb
CortexDB,Document,"Document store,Key-value store",https://db-engines.com/en/system/CortexDB,N,,-,0.0,401,-,-,,2014,,N,,N,0,1,0,0,1,0,0,0,0,0,0,0,0,0,0,0,0.0,cortexdb
CovenantSQL,Relational,Relational DBMS,https://db-engines.com/en/system/CovenantSQL,Y,,CovenantSQL/CovenantSQL,0.0,401,CovenantSQL,CovenantSQL,,2018,,Y,,N,0,0,0,0,0,0,0,0,0,0,1,0,0,0,0,0,0.0,covenantsql
EdgelessDB,Relational,Relational DBMS,https://db-engines.com/en/system/EdgelessDB,Y,,edgelesssys/edgelessdb,0.0,401,edgelesssys,edgelessdb,Edgeless Systems,2021,,Y,GPL V2,N,0,0,0,0,0,0,0,0,0,0,1,0,0,0,0,0,0.0,edgelessdb
Galaxybase,Graph,Graph DBMS,https://db-engines.com/en/system/Galaxybase,N,,-,0.0,401,-,-,"Chuanglin(Createlink) Technology Co., Ltd 浙江创邻科技有限公司",2017,2021,N,,N,0,0,0,1,0,0,0,0,0,0,0,0,0,0,0,0,0.0,galaxybase
Helium,Key-value,Key-value store,https://db-engines.com/en/system/Helium,N,,-,0.0,401,-,-,Levyx Inc.,2013,,N,,N,0,0,0,0,1,0,0,0,0,0,0,0,0,0,0,0,0.0,helium
HGraphDB,Graph,Graph DBMS,https://db-engines.com/en/system/HGraphDB,Y,,rayokota/hgraphdb,0.0,401,rayokota,hgraphdb,,2016,,Y,Apache 2.0,N,0,0,0,1,0,0,0,0,0,0,0,0,0,0,0,0,0.0,hgraphdb
JaguarDB,Key-value,"Key-value store,Vector DBMS",https://db-engines.com/en/system/JaguarDB,Y,Y,datajaguar/jaguardb,0.0,401,datajaguar,jaguardb,"DataJaguar, Inc.",2015,2023,Y,GPL V3.0,N,0,0,0,0,1,0,0,0,0,0,0,0,0,0,1,0,1.0,jaguardb
JasDB,Document,Document store,https://db-engines.com/en/system/JasDB,Y,,oberasoftware/jasdb,0.0,401,oberasoftware,jasdb,,2014,,Y,,N,0,1,0,0,0,0,0,0,0,0,0,0,0,0,0,0,0.0,jasdb
K-DB,Relational,Relational DBMS,https://db-engines.com/en/system/K-DB,N,,-,0.0,401,-,-,Inspur Group,,,N,,N,0,0,0,0,0,0,0,0,0,0,1,0,0,0,0,0,0.0,k-db
Rizhiyi,Search Engine,"Search engine,Time Series DBMS",https://db-engines.com/en/system/Rizhiyi,N,,-,0.0,401,-,-,Rizhiyi,2014,,N,,N,0,0,0,0,0,0,0,0,0,0,0,1,0,1,0,0,0.0,rizhiyi
Sadas Engine,Relational,Relational DBMS,https://db-engines.com/en/system/Sadas+Engine,N,,-,0.0,401,-,-,SADAS s.r.l.,2006,,N,free trial version available,N,0,0,0,0,0,0,0,0,0,0,1,0,0,0,0,0,0.0,sadas-engine
searchxml,Native XML,"Native XML DBMS,Search engine",https://db-engines.com/en/system/searchxml,N,,-,0.0,401,-,-,informationpartners gmbh,2015,,N,,N,0,0,0,0,0,0,1,0,0,0,0,1,0,0,0,0,0.0,searchxml
SpaceTime,Spatial,"Spatial DBMS,Relational DBMS",https://db-engines.com/en/system/SpaceTime,N,,-,0.0,401,-,-,Mireo,2020,,N,,N,0,0,0,0,0,0,0,0,0,0,1,0,1,0,0,0,0.0,spacetime
Tkrzw,Key-value,Key-value store,https://db-engines.com/en/system/Tkrzw,Y,,estraier/tkrzw,0.0,401,estraier,tkrzw,Mikio Hirabayashi,2020,2020,Y,Apache Version 2.0,N,0,0,0,0,1,0,0,0,0,0,0,0,0,0,0,0,0.0,tkrzw
Transwarp Hippo,Vector,Vector DBMS,https://db-engines.com/en/system/Transwarp+Hippo,N,,-,0.0,401,-,-,,2023,2023,N,,N,0,0,0,0,0,0,0,0,0,0,0,0,0,0,1,0,1.0,transwarp-hippo
Transwarp StellarDB,Graph,Graph DBMS,https://db-engines.com/en/system/Transwarp+StellarDB,Y_IssueTracking,,stellardb/StellarDB,0.0,401,stellardb,StellarDB,Transwarp,,,N,,N,0,0,0,1,0,0,0,0,0,0,0,0,0,0,0,0,0.0,transwarp-stellardb
